Title,Description
"New Grad Software Engineer / Machine Learning Engineer - Markham, ON - Indeed.com","Individually we are people, but together we are Aviva. Individually these are just words, but together they are our Values – Care, Commitment, Community, and Confidence.
This role will start off as work from home, gradually you will be required to work in our Markham, Toronto or Montreal office location.
What you’ll do
Develop, test, and deploy code
Maintain an existing code database
Test and debug software and hardware related issues
Keep your eye out for opportunities to improve our products
What you’ll bring
A degree in Computer Science/Engineering or related field.
1+ programming experience in Python with strong grasp of software engineering standard methodologies such as code-reusability, modularity, use of repos, etc.
1+ years of applied experience in ML, NLP, and Deep learning.
Have an understanding of SDLC, machine learning concepts, and NLP tasks such as classification, feature engineering, information extraction, structured prediction, sentiment analysis, and topic modelling.
Knowledge of packages such as Pytorch, Keras, Scikit Learn, Pandas, Tensorflow, and NLTK.
Conceptual understanding in a data-driven software engineering environment and how to leverage data to make business decisions.
A track record in building and maintaining high quality, robust and maintainable code.
Understanding of Data Warehouse concepts, ETL strategies and best practices.
An appetite for problem solving with a creative and resourceful approach to finding the right solution for the job.
Strong communication and collaboration skills
﻿
What sets you apart:
You are a self-motivated and outgoing person who can work closely with business and IT stakeholders.
You understand the relationship between data and business outcomes and can focus on long term strategies for data.
Proficiency with PostgreSQL, Teradata, Hadoop and AWS is an asset.
You have experience working as part of an Agile Team.
What you’ll get
Competitive rewards package including base compensation, eligibility for annual bonus, retirement savings, share plan, health benefits, personal wellness, and volunteer opportunities.
Exceptional Career Development opportunities.
We’ll support your professional development education.
Additional Information
Aviva Canada is committed to providing accommodations for people with disabilities during all phases of the hiring process including the application process. If you require an accommodation because of a disability, we will work with you to meet your needs. Applicants need to make their needs known in advance. If you are selected for an interview and require an accommodation, you are encouraged to advise the Talent Acquisition Partner who will consult with you to determine an appropriate accommodation.
We are an equal opportunity employer and value diversity at our company. We do not discriminate on the basis of race, religion, color, national origin, gender, sexual orientation, age, marital status, veteran status, or disability status."
"Junior / Intermediate Software Developers - Markham, ON - Indeed.com","Looking to work in a challenging environment with new and emerging technologies? Designing, building, implementing and delivering custom software solutions. We offer a fast paced environment working with a highly skilled and diverse team.
We are currently looking for skilled Mobile application developers as well as web application development. Optimal candidates will have skills in both areas.
Current Technologies and Projects
Web Development using ASP.NET, JavaScript, jQuery, CSS, HTML, Bootstrap, .NET Core/(MVC/MVVM), Ajax, Razor, REST, Typescript, SignalR
Complex data analysis utilizing MS-SQL
Enterprise Applications using .NET, WinForms, .NET Core
Reporting tools, using RDLC, Crystal, SSRS and custom technologies
Mapping Applications and tools utilizing Google and BING Map APIs, MapBasic and Open Street Maps.
Mobile Applications, - Xamarin, Native Android/IOS
API Development and Communications (Custom, Azure, AWS, etc.)
Salesforce - Visualforce, Lightning Web Components, general environment
Dev Ops Pipeline Tools
JIRA, GIT, SonarQube
Additional technoogies considered an asset
Machine Learning and advanced data analytics
UI/UX Design
If you are an individual who thrives on new challenges, loves to develop software and are looking for a great team to call your second family, read some more to see if you have the skills we need.
Our Environment
Fast moving environment with a variety of projects and technologies to work with in an interactive team based environment.
Flexible Hours with a focus on delivering objectives not watching the clock.
Our current environment has the team working remotely with the option to work in the office if desired. We'd like to see people back to the office at some point, however, our remote office solution has been working nicely for many so it won't be enforced.
Involvement in all aspects of the Software Development Lifecycle potentially taking on different roles for different projects.
Mentoring within the team. Weekly status meetings, bi-weekly code share meetings. Learning from your peers and sharing your knowledge as well.
High Standards. Our clients demand them, we strive to exceed their expectations.
Key Skills and Qualities
Genuine interest and curiosity in all things technical
Aptitude and desire to learn a wide variety of environments.
Honesty in your work and interactions with others.
Ability and desire to dig in and solve challenging problems.
Desire to work in a team environment
About The Siroky Group Inc.
The Siroky Group is an IT Consulting firm, which specializes in providing our clients with leading edge solutions to their day to day business challenges.
Our goals are to find and implement solutions for our clients before they know they have a problem and develop new features and applications to take their business to the next level.
We take the time and encourage our development team to think out of the box, push the envelope on current technologies and dream up new technologies if what’s out there doesn’t meet our needs.
An online skills test will be required prior to personal interviews being confirmed.
Agency calls and emails will not be accepted."
Machine Learning Engineer (remote) - Ontario - Indeed.com,"Our client, is a leading, multi national AI/Data Analytics company and they are building out a new Data team for a large project with a huge insurance company. They are seeking to add a (ML) Machine Learning Engineer to the team. This could be a long term, renewable contract role.
Job Description:
Machine Learning Engineers (MLE) are technically proficient programmers who research, build, and design software to automate predictive models. An MLE builds systems that leverage large data sets to generate and develop algorithms capable of learning and eventually making predictions
Designing machine learning systems requires that the MLE assess, analyze, and organize data, execute tests and optimize the learning process to help develop high-performance machine learning models
Develop high-level solution architectures and work with big-data engineers and decision science analysts to build, test and assess models that predict and optimize business outcomes based on a client’s success criteria
Create sophisticated yet simple interpretations and communicate insights to clients that lead to quantifiable business impact
Build relationships with clients by understanding their stated, but more importantly, latent needs
Required Skills:
5-10 years of industry experience
must have valid Canadian Reliability Clearance
Strong programming skills in any one or more programming languages like Python
Experience in Process Automation, Classification, ML and NLP
Experience using python libraries for data science and machine learning such as: pandas, numpy,scikit-learn, tensor flow, etc.
Sound fundamentals of data structures, algorithms and object-oriented programming
Ability to quickly learn and communicate the latest findings in AI research
Creative thinking for leveraging machine learning to build end-to-end intelligent software systems
Experience or exposure to data science projects
Strong analytical, problem-solving skills
Hands-on experience with version control and any of the following: Bitbucket/GitHub/GitLab
Knowledge of or exposure to AWS
2+ experience creating CICD pipelines to deploy models into production
Optimizing and scaling code for pre-existing models and algorithms
Ability to translate a business motivated problem into code
Knowledge of containerization
A self starter with positive attitude
Good leadership & management skills"
"Software Engineer, Machine Learning - Vancouver, BC - Indeed.com","Grammarly offers a
remote-first hybrid working model
. Team members can work primarily remotely. Starting in 2022, teams will meet in person every quarter in one of Grammarly’s hubs, currently in San Francisco, Vancouver, New York, and Kyiv. To ensure that teams are able to overlap in their working hours and to meet face-to-face when needed, all team members need to live within three time zones of their direct team.
The opportunity
Grammarly empowers people to thrive and connect, whenever and wherever they communicate. More than 30 million people around the world use our AI-powered writing assistant every day. All of this begins with our team collaborating in a values-driven and learning-oriented environment.
To achieve our ambitious goals, we’re looking for a Machine Learning Engineer who is able to effectively apply ML/DL techniques in the NLP field and has a keen interest in the field’s recent advances. In this role, you will work with researchers, engineers, and linguists to create the next generation of writing and communication assistance tools. You will build models and pipelines, and you will maintain services that deliver models’ output to users. If you revel in the challenge of building exciting new products that will impact millions of lives, we’d love to meet you!
Grammarly’s engineers and researchers have the freedom to innovate and uncover breakthroughs—and, in turn, influence our product roadmap. The complexity of our technical challenges is growing rapidly as we scale our interfaces, algorithms, and infrastructure. Read more about our stack or hear from our team on our technical blog.
Your impact
Develop effective tools for correcting, improving, and enhancing written English by using a variety of NLP, machine learning, and deep learning technologies.
Productionize and ship these features into Grammarly’s product applications, which are used daily by millions of users.
Implement effective, fault-tolerant, and well-monitored solutions that meet the demand for excellence.
Stay abreast of the latest technologies.
Contribute to the R&D strategy and technical culture of the company.
Be an active member of the AI community by attending and speaking at events in Ukraine and abroad, and by contributing to technical blogs and journals.
We’re looking for someone who
Embodies our EAGER values—is ethical, adaptable, gritty, empathetic, and remarkable.
Has solid software engineering fundamentals, including knowledge of classical algorithms and data structures.
Has a solid understanding of the principles and best practices of developing software systems on a large scale.
Has the ability to apply machine learning algorithms to NLP tasks effectively.
Has strong knowledge of probability and statistics.
Has expertise in Python, its ecosystem, and Python-based ML tools and frameworks.
Has the ability to single out promising new technologies and apply them to ongoing tasks.
Support for you, professionally and personally
Professional growth
: We hire people we trust, and we give team members autonomy to do their best work. We also support professional development with training, coaching, and regular feedback.
A connected team
: Grammarly builds products that help people connect, and we apply this mindset to our own team. We have a highly collaborative culture supported by our EAGER values. We also take time to celebrate our colleagues and accomplishments with global, local, and team-specific events and programs.
Comprehensive benefits
: Grammarly offers all team members competitive pay along with a benefits package that includes superior health care. We also offer ample and defined time off, catered lunches, gym and recreation stipends, admission discounts, and more.
We encourage you to apply
At Grammarly, we value our differences, and we encourage all—especially those whose identities are traditionally underrepresented in tech organizations—to apply. Grammarly is an equal opportunity company. We do not discriminate on the basis of race, religion, color, gender expression or identity, sexual orientation, national origin, citizenship, age, marital status, veteran status, disability status, criminal prosecution, judgment in a criminal case, or any other characteristic protected by law.
Please note that Grammarly’s COVID-19 vaccination policy requires that all team members in North America be vaccinated against COVID-19 to meet in person for Grammarly business or to work from a North America hub location. It is expected that this will be a requirement for this role. Qualified candidates in North America who cannot be vaccinated for medical reasons or because of a sincerely held religious belief may request a reasonable accommodation to this policy. For Ukraine, this policy requires team members to be vaccinated or produce a daily negative COVID-19 test administered at the Kyiv hub to work from the hub or attend in-person meetings.
#LI-Remote"
"Analytics Specialist - Richmond, BC - Indeed.com","Analytics Specialist
Job requisition number
036610
Job location
Richmond
Full-time / part-time
Full-time
Posting period
From 12/02/2021 to 12/15/2021
Overview
We’re looking for an experienced, highly motivated, customer-focused analyst with a keen interest in strategic analysis, advanced analytics, and business intelligence to support business decision making to join our Innovation and Technology division which has been rated one of the best in the Canadian public sector.
In this temporary role, you’ll contribute to the effectiveness of WorkSafeBC by performing data analytics, performance measurement analysis, and program evaluation, addressing a wide variety of issues in occupational health and safety. If you’re a team player, proactive with strong problem solving and communication skills, consider joining us for a rewarding career keeping the population of British Columbia safe, consider joining us for this temporary, approximately 6-month assignment.
At this time, this is a hybrid position where you will work primarily at home and be on-site at our Richmond office occasionally.
What you'll do
As an analytics specialist you will:
Research, analyze, and evaluate a wide variety of issues in occupational health and safety, management oversight, internal operations and disability management
Extract and transform data from a variety of databases using tools such as SQL, Python, PowerBI, and Tableau
Identify industry trends, emerging issues, and opportunities of business significance to WorkSafeBC
Develop and improve complex analytical models (e.g. for evaluation, prediction, classification, prescription)
Provide ongoing consultation, decision support, analytics, and business intelligence to various WorkSafeBC department leads
Present research information to audiences of varying levels of expertise that include detailed findings, implications, and recommendations
Is this a good fit for you?
We’re looking for someone who can:
Independently plan, prioritize, schedule, monitor, and complete complex multi-task workload projects and activities to consistently meet deadlines
Clearly and concisely present analysis results and recommendations both in written reports and verbally to individuals and groups of varying levels of expertise
Identify significant information from a variety of sources, collect and analyze data to develop, assess, and establish meaningful ways of grouping and transforming data to draw conclusions
Interpret, evaluate, infer, and explain business data or concepts and develop alternatives and recommendations appropriate for the business
Apply quantitative and qualitative research methods (e.g. statistical analyses, data modeling, text mining, machine learning, predictive analytics, sampling, survey and questionnaire design).
Write scripts and formulas for extracting, compiling and, displaying information
Your experience and educational background:
A master’s degree in a quantitative-related discipline such as statistics/mathematics, operations research, big data, data science, computer science, information technology, finance, business, management information systems, or engineering.
A minimum of 12 months of recent directly related experience within five years in business intelligence, statistical analysis, strategic analysis, and/or advanced analytics.
We’ll consider an equivalent combination of education and experience.
Application requirements:
You must submit your application by
4:30 pm on December 15, 2021.
If you require an accommodation in the assessment process, please email the HR Testing Accommodation (SM) at the time you submit your application.
Who are we?
At WorkSafeBC, we’re dedicated to promoting safe and healthy workplaces across British Columbia. We partner with workers and employers to save lives and prevent injury, disease, and disability. When work-related injuries and diseases occur, we provide compensation, and support injured workers in their recovery, rehabilitation, and safe return to work. We also work diligently to sustain our workers compensation system for today and future generations. We’re honoured to serve the 2.4 million workers and 245,000 registered employers in our province.
As part of our mandate, we have introduced an interim mandatory employee policy intended to prevent the transmission of COVID-19 and protect the health and safety of our employees, clients, and the public.
Effective November 1, 2021, WorkSafeBC will require all employees who interact in person with employers, workers, members of the public, or other WorkSafeBC staff to be fully vaccinated against COVID-19. In implementing the policy, WorkSafeBC will consider its obligations to accommodate those staff who are unable to be vaccinated.
We recognize that our ability to make a difference relies on building a team with a rich variety of skills, knowledge, backgrounds, abilities, and experiences, and which reflects the diversity of the people we serve. We are committed to fostering a welcoming, inclusive, and supportive work culture where everyone can contribute as their best, authentic self. We encourage all qualified applicants to apply.
What’s it like to work at WorkSafeBC?
It’s challenging, stimulating and hugely rewarding. Our positions offer tremendous diversity and excellent opportunities for professional growth. Every day, the work we do impacts people and changes lives. What we do is important and so are the people we do it for.
Our benefits
Being part of WorkSafeBC means being part of a strong, committed team. Along with a competitive salary starting at $63,441, your total compensation package may include vacation, optional leave arrangements, health care and dental benefits, and contributions toward your retirement pension. As a member of our team, you'll have access to services and benefits that can help you get the most out of work — and life.
WorkSafeBC has adopted a hybrid model offering opportunities to work remotely and onsite based on the operational needs of the position.
Learn more about what we offer.
You will be required to successfully meet WorkSafeBC’s requirements with regards to a criminal record clearance.
This position is restricted to those legally entitled to work in Canada.
Thank you, in advance, for applying."
"Software Engineer, Machine Learning - Toronto, ON - Indeed.com","Toronto, Canada
Full-Time
Job Summary
We are seeking an applied data scientist or machine learning engineer who wants to work on the challenging problem of developing machine learning methods for helping people with cognitive impairment or mental health conditions. The successful candidate will be experienced at solving complex problems and comfortable doing incremental quality work while building brand new systems.
Role & Responsibilities
Support research scientists in their day to day technical tasks
Engineer features that can help identify cognitive impairment or mental health disorders from speech and text
Develop and implement data analysis methods and techniques; deploy and integrate them to our production environment
Develop, implement, and deploy machine learning model prototypes
Improve research-related processes by applying relevant tools, maintaining and improving the Docker environments, etc.
Required Qualifications
An understanding of software engineering best practices (eg. write clean, modular, well-documented code; refactor code for efficiency; create unit tests to test programs; etc.)
An understanding of machine learning engineering best practices, tools, and techniques
Experience conducting code reviews
A minimum of 2-3 years industry experience working with data, coding, and scripting (Python)
Experience with a number of ML techniques and frameworks, e.g. data normalization, sampling, linear regression, decision trees, deep neural networks, text tokenization etc. (pandas, numpy, scipy, scikit-learn, pytorch, spacy, huggingface)
Experience with doing machine learning R&D in a production environment, excellent knowledge of model evaluation metrics and best practices (Docker, Amazon AWS, etc)
Preferred Qualifications
Experience with natural language processing and/or speech processing
Excitement and interest in working with research scientists in the machine learning for health space
An ability to work quickly, and a mindset conducive to getting things done
An ability to work with a fair amount of autonomy
Experience in a fast growth, startup environment
Additional Information
Winterlight Labs is a fast growing startup based in Toronto that is developing digital biomarkers to measure neurological and psychiatric conditions. Our machine learning based technology analyzes both the acoustics and content of speech and language, to help identify disease and quantify its severity. We work with life science companies, academia, and senior care companies to improve clinical trials, quality of care, and health outcomes.
Benefits & Perks
Competitive compensation with equity options.
Health and dental insurance.
Generous work from home policy.
4 weeks vacation.
Winter holiday week off.
Half-day Fridays in July and August.
Office is a 2-minute walk from Yonge & Bloor which is home to many restaurants, amenities and transit options."
"Research Scientist - Forest Statistics - Victoria, BC - Indeed.com","Natural Resources Canada - Canadian Forest Service - Pacific Forestry Centre
Victoria (British Columbia)
SE-RES-01 - to - SE-RES-05 Important note: All Research Scientist (RES) appointments are incumbent based. Therefore, the level of the position is determined by the qualifications/accomplishments of the successful candidate as determined by a committee.
$60,333 to $155,950
For further information on the organization, please visit Natural Resources Canada
Closing date: 8 December 2021 - 23:59, Pacific Time
Who can apply:
All interested persons are encouraged to apply. Preference will be given to Canadian citizens and persons residing in Canada. However, should an insufficient number of applicants be identified, then non-Canadians will be considered.
Apply online
Important messages
We are committed to providing an inclusive and barrier-free work environment, starting with the hiring process. If you need to be accommodated during any phase of the evaluation process, please use the Contact information below to request specialized accommodation. All information received in relation to accommodation will be kept confidential.
Assessment accommodation
The Government of Canada is committed to building a skilled workforce that is representative of Canada's diversity, which includes the recruitment of Canadian Veterans and releasing Canadian Armed Forces personnel:
https://www.canada.ca/en/public-service-commission/jobs/services/public-service-jobs/canadian-armed-forces-members-veterans.html
We encourage applicants to identify any abilities, competencies, and/or experiences acquired through employment with the Canadian Armed Forces where applicable.
Duties
We are seeking a research scientist with expertise in advanced statistical analysis in forestry, including forest inventory and mensuration, to join the Canadian Forest Service’s (CFS) Forest Information Division.
The successful candidate will be the lead statistical methods researcher for Canada’s National Forest Inventory. The successful candidate will also contribute to a broader research agenda on the use of data analytics, modelling and machine learning to address a range of research questions of importance to the CFS and Canada’s forest sector including sustainable forest management, cumulative effects, forest carbon accounting, forest mapping and wildfire resilience. The successful candidate will lead research projects, collaborate in multidisciplinary research teams and support Canada’s national forest information programs. The research scientist will be actively engaged in regional, national and international forest monitoring and forest research initiatives, and may be called upon to represent the government of Canada at home and abroad.
Work environment
The Pacific Forestry Centre (PFC) is the CFS’s research centre for the Pacific Region and headquarters for several national forest research and monitoring programs. PFC is located within the traditional territories of the Lkwungen peoples, the Songhees and Esquimalt First Nations, in Victoria, British Columbia – a dynamic, mid-sized coastal city on southern Vancouver Island.
Intent of the process
A pool of (fully or partially qualified) candidates may be established through this process to staff identical or similar positions within Natural Resources Canada with various tenures , various language requirements (English Essential, French Essential, English or French Essential, or Bilingual), linguistic requirements (imperative and/or non-imperative) and profile(s) (BBB/BBB, CBC/CBC, CCC/CCC, etc.), various security requirements (Reliability status or Secret clearance), various conditions of employment and for various locations.
Positions to be filled:
Number to be determined
Information you must provide
Your résumé.
In order to be considered, your application must clearly explain how you meet the following (essential qualifications)
Education
Graduation with an acceptable doctoral degree from a recognized post-secondary institution in a field of the natural sciences related to the duties of the position, such as but not limited to: forestry, geography, applied mathematics, statistics, quantitative ecology, or the employer-approved alternative for the SE classification (See Note 1 below)
Productivity or recognition is required for all positions in the Research Scientist sub-group (SE-RES) (Revised October 1, 1999). Productivity or recognition includes developmental work leading to the issue of patents, copyrights, or the creation of improved varieties, functions, or designs, and/or recognition by the professional community of the research environment. It also refers to recognized achievement in the form of authorship and editorship of published or unpublished reports, books, papers, or other communications resulting from:
Research, experimental development, or tasking associated with operational equipment and problems;
Operational research and scientific analysis; or
Planning, analysis and evaluation of Canadian and foreign programs in research and development.
Note 1: The employer-approved alternative for the SE classification is an acceptable master's or bachelor’s degree coupled with acceptable research, training and experience. The degree must be from a recognized post-secondary institution and in scientific fields and specialties related to the duties of the position. The training and experience must clearly demonstrate the ability to do personal research of doctoral degree calibre.
Degree equivalency
Experience in statistical methods research relevant to forest inventory, OR forest mensuration, OR forest remote sensing, OR forest growth and yield, OR forest carbon accounting, OR terrestrial ecology.
The following will be applied / assessed at a later date (essential for the job)
English essential
Information on language requirements
Knowledge of forest inventory practices
Knowledge of remote sensing of terrestrial ecosystems
Ability to communicate effectively orally in English
Ability to communicate effectively in writing in English
Ability to provide pragmatic advice on complex statistical issues
Uphold integrity and respect
Work effectively with others
Vision and strategic thinking
Results-driven
The following may be applied / assessed at a later date (may be needed for the job)
Experience working as part of a multi-disciplinary science team.
Experience working with government, industry or other non-academic stakeholders to develop collaborative initiatives.
Experience applying, adapting or developing statistical methods for operational forest or natural resource inventory or monitoring programs.
Experience managing multi-year projects with associated project management, human resource, budget planning and reporting functions.
Selection may be limited to members of the following Employment Equity groups: Aboriginal persons, persons with disabilities, visible minorities, women
Information on employment equity
Ability and willingness to travel regionally, nationally and internationally
Valid driver’s license
Conditions of employment
Reliability Status security clearance
Ability and willingness to travel regionally, nationally and internationally
Valid driver’s license
All employees of the core public administration are required to be fully vaccinated against COVID-19 and attest to their vaccination status unless accommodated based on a medical contraindication, religion, or another prohibited ground for discrimination as defined under the Canadian Human Rights Act.
Other information
The Public Service of Canada is committed to building a skilled and diverse workforce that reflects the Canadians we serve. We promote employment equity and encourage you to indicate if you belong to one of the designated groups when you apply.
Information on employment equity
On October 6, 2021, the Government of Canada announced details of its plans to require vaccination across the federal public service.
As per the new Policy on COVID-19 Vaccination for the Core Public Administration Including the Royal Canadian Mounted Police, federal public servants in the Core Public Administration and members of the RCMP must attest to their vaccination status. The requirement for employees to be fully vaccinated applies whether they are teleworking, working remotely or working on-site. This is a condition of employment and it applies to indeterminate (permanent), determinate (term), casual, and student hiring. Should you reach the point in the selection process where it is necessary to verify terms and conditions of employment then the hiring manager or a human resources representative will contact you in order to complete an attestation.
All applications must be submitted online through the GC Jobs website. DO NOT email, fax or mail in applications, as these will NOT be accepted..
Acknowledgment of receipts of applications will not be sent; we will only contact successful applicants when the screening process has been completed.
Applicants are required to meet the Essential Qualifications. Asset Qualifications MAY be applied at any point in the assessment process. Therefore, you are strongly encouraged to answer Asset Qualifications questions in your online application. Applicants do not need to meet any/all of the Asset Qualifications for consideration, however, possessing any/all of the Asset Qualifications may increase the likelihood of being considered for an appointment.
Natural Resources Canada is committed to establishing and maintaining a representative workforce. This organizational need may be identified as part of the appointment decision. In such cases, qualified candidates who self-declare as members of a visible minority group, Aboriginal peoples, persons with disabilities or women (in non-traditional occupations) could be considered in priority.
An interview may be sought.
A written test may be administered.
A situational exercise may/will be administered.
Reference checks may be sought.
Candidates should be prepared to provide proof of education (copy of degree/diploma) and citizenship or permanent resident status. If you have obtained education outside Canada, you will be required to submit proof of evaluation of Canadian equivalency.
Candidates from outside the public service may be required to pay for travel and relocation costs associated with this selection process.
If you are selected for further consideration, please advise the person who will contact you of any accommodations you may require during the selection process.
Applicants are asked to indicate their preferred official language in their application.
Persons are entitled to participate in the appointment process in the official language of their choice.
The Public Service of Canada is also committed to developing inclusive, barrier-free selection processes and work environments. If contacted in relation to a job opportunity or testing, you should advise the Public Service Commission or the departmental official in a timely fashion of the accommodation measures which must be taken to enable you to be assessed in a fair and equitable manner. Information received relating to accommodation measures will be addressed confidentially.
Preference
Preference will be given to veterans first and then to Canadian citizens and permanent residents, with the exception of a job located in Nunavut, where Nunavut Inuit will be appointed first.
Information on the preference to veterans
We thank all those who apply. Only those selected for further consideration will be contacted."
Data Annotator - Remote - Indeed.com,"Data Annotator (employment via Workforce Logiq)
The position is fully remote and part-time (candidates must be authorized to work in Canada, PGWPP accepted): 20 hours a week at a minimum, maybe more by mutual agreement, up to 40 hours a week. Partially flex-time: many assignments can be done outside of our business hours.
Who we are:
Moveworks is revolutionizing how companies support their employees — with the first AI platform that makes getting help at work effortless. Included on the prestigious Forbes AI 50 list and named a leader in The Forrester New Wave, Moveworks uses advanced machine learning to resolve employees’ requests, whether they need IT support, HR help, or policy information.
What you'll do:
As a Data Annotator, you will be categorizing, tagging, labeling, and evaluating textual information.
Key tasks include:
Grading the quality of algorithmic responses to user queries
Tagging salient information in user-entered text
Identifying mentions of common software titles in support tickets in IT and other enterprise domains
Categorizing support tickets using a complex taxonomy
Evaluating the performance of an AI chatbot
What you bring to the table:
Fully fluent in written and spoken English at a professional level
Authorized to work in Canada
Must be fully vaccinated against covid-19
Some attributes of successful candidates are:
Attention to detail coupled with the ability to see the big picture
Reliable performance on repetitive tasks (we like to think of our tasks as “non-boring and repetitive”)
An analytical mindset
The ability to form and apply mental models consistently
Accuracy at speed
Motivation to meet recurrent deadlines on rolling tasks
Ability to explain your thought process and decision making
Willingness to put yourself in the shoes of others and empathetic understanding of the needs of users
Proactive self-starter capable of focused, independent work
Adept at remote collaboration (Slack, Zoom, Google Suite)
Excited to learn and improve
Curious and creative
Preferred attributes:
Knowledge of IT terminology and processes
Experience working in a large enterprise (in any role)
Knowledge of terminology and processes in HR, or Finance, or Accounting, or Facilities, or Legal
While we welcome professionals from all backgrounds, we want to be clear that this job does NOT require skills and qualifications in the following fields:
Data science and analytics
Computer science
Computations linguistics
Machine learning
Engineering
PLEASE NOTE: Both resume/CV and cover letter are required for consideration. In your cover letter, please indicate how many hours a week, on average, you will have available if hired as a Data Annotator.
Our candidate selection process involves a take-home Data Annotation challenge as a prerequisite to being interviewed on the ZOOM platform"
"Software Engineer - Toronto, ON - Indeed.com","About us
Pavestep is a B2B performance management solution that enables the culture of feedback and accountability. We are committed to helping our clients develop and retain their talent.
We are venture-backed with headquarters in NYC. We are looking for our next teammate to revolutionize performance management with us!
What we’re looking for
We’re looking for an experienced developer to help build new features, improve existing functionality, and mentor more junior members of the team. You will work closely as a leader on our tech & product team to quickly ramp up and take ownership of developing new features and redesigning existing features to improve maintainability. In addition, you’ll be able to draw on your experience with Ruby on Rails to help ensure best practices are adhered to.
Feature development will include all layers of the stack. Support will be provided by your teammates in areas you aren’t familiar with but it’s expected that your experience will allow you to learn quickly.
Requirements:
4+ years experience writing software, preferably in web-development.
2+ years experience working with Ruby on Rails with an advanced/expert understanding of the framework.
Knowledge of Bootstrap, CSS, and JavaScript.
2+ years of experience working on the delivery of large, cross-functional projects.
Experience leading and/or mentoring junior developers.
Experience working in each stage of the software development lifecycle, i.e., requirements gathering to maintain the application in production environments.
Strong software development fundamentals including data structures and algorithms.
Strong understanding of unit testing and system/integration testing.
Willingness to spend time researching solutions and working with new technologies.
Sharp analytical abilities and design skills.
Highly adaptable - a typical day can require multiple context-switches given the nature of a startup.
Preferred:
Experience working with AWS services, e.g. RDS, ECS, API Gateway, Lambda, CloudFormation. We make heavy use of AWS in our infrastructure.
Experience with RSpec or any other test framework relevant to Ruby on Rails.
Experience coding in Kotlin.
Experience developing integrations with external services (e.g., Microsoft Teams apps, Zoom apps, Slack apps).
Experience or interest in machine learning.
Experience working in a startup.
Being based out of the Greater Toronto Area would be an asset.
Logistics
Start date: As soon as possible.
Employment type: Full-time.
Location: Remote (our tech & product team is mainly located in Toronto, Canada).
Compensation: $100k-$125K CAD, depending on experience.
Benefits & perks (for full-time position)
15 paid vacation/personal/sick days.
10 additional paid vacation days per year after 2 years at Pavestep.
Your birthday off.
Your significant other’s birthday off.
Every 4th Friday of the month off.
Every 2nd Friday of the month is half day.
No work communications during off-hours
$65 CAD monthly education allowance.
$650 CAD annual technology allowance.
Annual company retreats.
Coverage/reimbursement for healthcare/dental/insurance.
Interested? Here’s what’s next.
Step 1: Complete the application.
Step 2: 30-minute introductory call.
Step 3: 1-hour technical interview with collaborative “whiteboard” session.
Step 4: 15-minute behavioural interview.
Step 5: Offer letter!
This job ad is not intended for staffing agencies.
Job Types: Full-time, Permanent
Salary: $100,000.00-$125,000.00 per year
Benefits:
Company events
Dental care
Extended health care
Flexible schedule
Paid time off
Work from home
Schedule:
Monday to Friday
Application question(s):
How many years of work experience do you have using Ruby on Rails?
How many years of software development experience do you have?
How many years of experience do you have leading/mentoring junior developers?
Do you have any experience developing application integrations with Zoom, Slack, Microsoft Teams, and/or Microsoft Outlook?
Do you have any experience with Kotlin?
Work remotely:
Yes"
"Data Scientist - Calgary, AB - Indeed.com","ABOUT MOBSQUAD
We are a well-funded, hyper-growth, scale-up looking for an experienced Data Scientist. If you've ever dreamed of working with a top tier technology company scale-up, on leading edge technologies, backed by the very best venture capitalists in the world, then this is your chance.
Some details about MobSquad:
MobSquad solves the significant and growing technology talent shortage faced by US-based start-ups and scale-ups by enabling its clients to quickly have a turnkey ""virtual"" Canadian subsidiary. MobSquad ensures technology professionals with US work visa challenges remain working with their current company, but nearshore from Canada. This is accomplished via MobSquad's unique partnership with the Canadian Government, enabling work visas to be issued for technology professionals and their respective families within four to six weeks, and Canadian permanent residency within six to eight months. Additionally, MobSquad has unfettered access to top-tier global technology talent which it relocates to Canada and pairs with American as well as Canadian clients on an exclusive, long-term basis, helping firms not only retain their existing world-class technology talent base, but grow it substantially.
We're a Certified B corporation, and have made numerous contributions to charitable organizations, as well as a financial commitment to the Upside Foundation. We believe we are playing a key role in enhancing Canada's innovation economy, and have received financial support from the Government of Canada, Province of Alberta, Province of Nova Scotia, and City of Calgary, to support this ambition.
For our workplace culture, we were recognized as the 3rd best place to work in Canada (for a small company) in 2020, as well as recognized specifically for being one of the best workplaces nationally for: inclusion; mental wellness; giving back; youth; and technology. We were also recognized as one of the best start-ups to work for across Canada.
For our innovative business model, we have been featured in numerous media outlets including:
Asian Pacific Post; BetaKit; Bloomberg; CBC; Global News; Gothamist; International Business Times; MIT Technology Review; Nearshore Americas; Nikkei Asian Review; NPR; The Economic Times of India; The Financial Times; The Globe and Mail; The Information; The New York Times;
and
The Washington Post.
Harvard Business School published a case study on MobSquad last fall, and Harvard Business Review featured us multiple times in an article that appeared on the cover of their November/December 2020 edition.
You can learn more about us on our website.
ABOUT THE ROLE
As a Data Scientist, you will be part of a Canada-based team working remotely with a leading US scale-up. Your team will operate alongside many other talented developers and data scientists in Canada, and you will be an integral part of the tech community that MobSquad has built.
This role requires someone who has demonstrated an ability to bridge the gap between the theoretical and the practical. The ideal candidate has deployed or attempted to execute Artificial Intelligence theories from various Machine Learning (ML) models and algorithms. MobSquad is looking for proven researchers with a track record of publishing in impactful journals and conferences, or those with years of hands-on industry experience.
This role offers the opportunity to apply your knowledge of statistics and your analytical skills to mine data at scale and develop large-scale ML models to reveal the value in data. You will support feature prototyping and utilize best practices to write production-grade code. You will build data pipelines, implement ML-based analytical algorithms, and work closely with the software development team to set up back-end systems and interfaces that will deliver next-generation analytics.
ABOUT YOU
You have an advanced degree (M.S. or PhD) in Data Science, Computer Science, Engineering, or a comparable analytical field from an accredited institution
You are expert in data mining, machine learning, deep learning, statistical modeling, and data visualization techniques using data-oriented tools and languages such as Python, R, and MATLAB
You have over three years of experience or demonstrated fluency in relevant programming languages (Python, R, Scala, Java, C/C++, C#)
You have over three years of experience working with SQL (MySQL, SQL Server) as well as NoSQL (Cassandra, Hbase) databases
You have experience setting up and using large-scale distributed data-processing frameworks such as Apache Spark and Hadoop MapReduce
You have experience working with enterprise-grade cloud computing platforms such as Microsoft Azure, Amazon Web Services, or Google Cloud
You have demonstrated ability to develop high-quality code adhering to industry best practices (e.g., code review, unit testing, revision control)
You are familiar with designing experiments and collecting data for the purpose of deriving data analytics insights and solutions
You have experiencing creating and deploying recommendation and/or predictive models
You have work/project history reflective of a self-motivated professional who excels when given open-ended problems and broadly-defined goals, having an innate desire to discover the patterns and relationships in data that can be leveraged to provide business value
WHAT YOU'LL GET @MOBSQUAD
A full-time position that offers competitive compensation
A benefits program delivered through our bespoke digital platform, giving you control, choice, and flexibility. We give you the ability to build your package of benefits covering health (e.g., medical, dental, vision), wellness (e.g., gym, workout gear, massage, transit), and RRSP (retirement savings)
A downtown office location with first-rate amenities, surrounded by great restaurants and easily-accessible transit
For international candidates, sponsorship for an immediate work permit, expedited permanent residency, and Canadian citizenship within four years
At MobSquad, we support and encourage building a work environment that is diverse, inclusive, and safe for all. We invite and welcome applicants of all backgrounds, regardless of race, religion, sexual orientation, gender identity, national origin, or disability."
"Mechanical Engineering Intern - Oakville, ON - Indeed.com","Who we are:
Geotab is a global leader in IoT and connected transportation and certified “Great Place to Work.” We are a company of diverse and talented individuals who work together to help businesses grow and succeed, and increase the safety and sustainability of our communities.
Geotab is advancing security, connecting commercial vehicles to the internet and providing web-based analytics to help customers better manage their fleets. Geotab’s open platform and Marketplace, offering hundreds of third-party solution options, allows both small and large businesses to automate operations by integrating vehicle data with their other data assets. Processing billions of data points a day, Geotab leverages data analytics and machine learning to improve productivity, optimize fleets through the reduction of fuel consumption, enhance driver safety and achieve strong compliance to regulatory changes.
Our team is growing and we’re looking for people who follow their passion, think differently and want to make an impact. Ours is a fast paced, ever changing environment. Geotabbers accept that challenge and are willing to take on new tasks and activities - ones that may not always be described in the initial job description. Join us for a fulfilling career with opportunities to innovate, great benefits, and our fun and inclusive work culture. Reach your full potential with Geotab. To see what it’s like to be a Geotabber, check out our blog and follow us @InsideGeotab on Instagram, Twitter or Facebook. Join our talent network to learn more about job opportunities and company news.
At Geotab, all staff must be fully vaccinated in order to be eligible to work in our North American offices at this time. Accordingly, any job offer for an onsite position resulting from this posting will be conditional upon the successful candidate providing evidence of full vaccination. Accommodations may be made for those who cannot be vaccinated based on medical or other legally protected grounds.
Geotab policies and requirements are subject to change based on local or federal guidelines.
Who you are:
We are looking for amazing talent, someone who can help our company move forward and deliver results! Geotab is actively seeking a Mechanical Engineering Intern who should be able to quickly contribute to the Production Team’s goals. If you love building technology, enjoy product development, and are keen to join a leading edge technology firm – we would love to hear from you!
What you'll do:
The Mechanical Engineering Intern will be responsible for supporting both the Automotive and Production Team initiatives for Geotab. As part of the Production Team, you will assist the team that interacts with manufacturers, suppliers and internal stakeholders, specifically, as well as working on mechanical requirements such as tooling and harness specifications. In this role, you will be making sample harnesses and production jigs. You will work with internal stakeholders to ensure the designs are sound electrically and that all the product engineering requirements are met. This includes ensuring prototypes from suppliers are field acceptable. You will also be responsible for managing engineering documentation and mechanical drawings and ensuring updated revision control is maintained.
How you'll make an impact:
Create and maintain harness/cable assembly and cable schematics and other mechanical drawings per engineering requirements and in coordination with QA using Solidworks
Work with Engineering to define objectives and correct electrical requirements
Ensure all testing and compliance criteria is specified on drawings
Assist with building engineering prototypes per the desired specifications
Maintain document control and revision history (internal and external)
Review suggested alternate connectors / parts and supplier drawings for compliance with requirements
Review First Article samples for compliance to approved specs
Perform Stack-up / tolerance analysis and review on various products and ensure accurate dimensional accuracy
Incorporate testing knowledge and best practices to new designs and maintain lessons learned
Assist production with Jig tooling and design
Assist production in various other tasks as required
What you'll bring to this role:
Completing a Bachelors degree in Mechanical Engineering or a related field
Experience with SolidWorks is considered an asset
Experience in all areas of design, prototyping, testing and qualification is considered an asset
Hands on experience working with plastic injection mold tool design including insert molding and over-molding is considered an asset
Proven ability make independent judgments using sound engineering principles and techniques
Engineering document control experience in coursework and projects to ensure compliance and consistency of documentation throughout the process
#LI-DNI
Why job seekers choose Geotab:
Work from home and flex work arrangements
Baby bonus
Home office reimbursement program
Online learning and networking opportunities
Electric vehicle purchase incentive program
Competitive medical and dental benefits (full-time employees only)
Retirement savings program (full-time employees only)
How we work:
At Geotab, we understand that the world is always changing and that we need to change with it. Geotab has adopted a hybrid model for working, including a flexible work from home program, with the opportunity to work in our safe, clean offices. When working from home, you are required to have a reliable internet connection with at least 50mb DL/10mb UL. Virtual work is supported with cloud-based applications, collaboration tools and asynchronous working. The health and safety of employees are a top priority. We encourage work-life balance and keep the Geotab culture going strong with online social events, chat rooms and gatherings. Join us and help reshape the future of technology!
We believe that ensuring diversity is fundamental to our future growth and progress and is an integral part of our business. We believe that success happens where new ideas can flourish – in an environment that is rich in diversity and a place where people from various backgrounds can work together. Geotab encourages applications from all qualified individuals. We are committed to accommodating people with disabilities during the recruitment and assessment processes and when people are hired. We will ensure the accessibility needs of employees with disabilities are taken into account as part of performance management, career development, training and redeployment processes. If you require accommodation at any stage of the application process or want more information about our diversity and inclusion as well as accommodation policies and practices, please contact us at careers@geotab.com. Click here to learn more about what happens with your personal data."
Machine Learning Engineer - Ontario - Indeed.com,"At ProCogia we're passionate about developing data-driven solutions that provide highly informed answers to our clients' most critical challenges. Our projects are varied, from Data Warehouse builds, deploying Cloud Data Solutions, Dashboarding, & building predictive models.
We work with industry leading clients from various sectors including Pharmaceuticals, Telecommunications, Technology, Financial Services & Retail. Our work environment ensures opportunities to gain valuable experience in various industries enhancing your personal & career development.
ProCogia has doubled in size over the last two years & core to ProCogia's culture is ensuring we maintain a balanced male to female ratio. Our diversity, and differences allow us to create innovative and effective solutions for our clients.
Job Description
The Machine Learning Engineering Consultant contributes to towards ProCogia's mission to enable our customers to make intelligent and agile decisions through strategically tailored data solutions. The Machine Learning Engineering Consultant works with our customers to explore data, design and build data pipelines and actionable insights with custom reports, dashboards and data models. The Machine Learning Engineering Consultant utilizes best practices in the Data Science workflow and pioneers innovative solutions to our customers' biggest problems.
The ProCogia Mission
ProCogia aims to empower organizations to achieve sustainable advantage through data.
We enable our customers to make intelligent and agile decisions through strategically tailored data solutions. We attract, develop and retain diverse, motivated and collaborative team players who love what they do.
Requirements
The Machine Learning Engineering Consultant should have the following skills, education and experience:
Skills
Required:
Experience with improving an organization's 'search' experience enhancing customer experience
Experience working within a large-scale distributed environment with tools such as Solr, Elastic Search, Spark, python, Quoble, Airflow, Hadoop, Hive
Experience with Computer Vision or Machine learning
Advanced Statistical Analysis
Building and validating search, personalization, and recommendation algorithms
Define, architect, develop, and deploy infrastructure for large scale ETL pipelines
Hands-on experience in custom ETL design, implementation and maintenance
Data Visualization Skills (Shiny and/or PowerBI preferred)
Experience building Machine Learning and Deep Learning libraries
Machine Learning Frameworks (SparkML preferred)
SQL (Structured Query Language)
Experience with Structured and Unstructured Data
Git for Version Control
Working with Command Line on Unix based system
Preferred:
Spark Experience (PySpark preferred)
Cloud Experience (AWS and Snowflake preferred)
Docker and Kubernetes experience
Hadoop experience
SDLC (Software Development Life Cycle) experience
AI (Artificial Intelligence) and Deep Learning experience
Python, SQL, Hive, etc.
Responsibilities
The Machine Learning Engineering Consultant has the following responsibilities and duties:
Consult with key stakeholders to understand requirements.
Plan out work in an agile framework, taking part in internal daily scrum meetings and other agile activities as adopted by the team.
Design, build and test solutions to customer problems in a robust manner.
Build reports and/or dashboards to showcase results to stakeholders in the technology that is most accessible to them.
Utilize advanced analytical techniques to build smart solutions to customer problems.
Actively take part in and contributes to key customer facing meetings.
Be a thought leader, understanding customer problems and proposing solutions that most effectively solve them.
Keep up to date with best practices and continuously seeks to learn new skills.
Validate new skill development through pursuit of relevant certifications.
Contribute towards the growth of the business by observing opportunities for upselling or cross-selling within the customer organization.
Contribute to development of the delivery team and their practice area through participating in internal TED talks, mentoring junior team-mates and developing reusable training materials and standard operating procedures.
Contributes to the broader business through involvement in recruiting, marketing and sales activities.
Contribute to the overall collaborative and innovative culture of the company by taking part in group events and spearheading initiatives that grow the company and help make life at ProCogia more enjoyable for all.
Education
Required:
Bachelors in a quantitative field with a deep understanding of mathematics, statistics, and computer science.
Preferred:
Masters or PhD in a quantitative field with a deep understanding of mathematics, statistics, and computer science.
ProCogia is proud to be an equal opportunity employer. We are committed to creating a diverse and inclusive workspace. All qualified applicants will receive consideration for employment without regard to race, national origin, gender, gender identity, sexual orientation, protected veteran status, disability, age, or other legally protected status."
"Machine Learning Engineer - NLP (Remote) - Toronto, ON - Indeed.com","BenchSci’s vision is to bring novel medicine to patients 50% faster by 2025. We’re achieving it by empowering scientists with the world’s most advanced biomedical artificial intelligence to run more successful experiments. Backed by F-Prime, Gradient Ventures (Google’s AI fund), and Inovia Capital, our platform accelerates science at 15 top-20 pharmaceutical companies and over 4,300 leading research centers worldwide. We’re a remote-first company recognized for our impact and culture as a Deloitte Tech Fast 50TM, CIX Top 10 Growth, Great Place to Work®, and top-ranked organization on Glassdoor. Learn more at www.benchsci.com.
We are seeking a
Machine Learning Engineer - NLP
to join our growing
R&D
team! You will work on complex and challenging NLP problems that will have an impact on the 41,000+ scientists across the world who rely on BenchSci for their research.
Reporting to the Engineering Manager, R&D, you’ll apply your domain expertise to build advanced machine learning algorithms, collaborate with data engineers to build benchmarking and data preparation pipelines, and work with core infrastructure engineers to deploy and monitor your models in our production system. In this role, you will have the opportunity to apply state-of-the-art solutions that will shape the future of scientific discovery.
You will:
Build innovative ML models that enhance the speed and quality of life-saving research
Collaborate with data and core infrastructure engineers to solve the complex problems of extracting insights from biomedical text data
Continuously improve our machine learning workflow by keeping up to date with the latest PyTorch optimizations and expanding our usage of modern tools such as DVC
Own the solutions and long-term technical investments that will drive innovation at BenchSci
Work with BenchSci's R&D scientists and Chief Science Officer to learn, model, and capture the nuances of biology
Be empowered to own your solutions
Participate in sprint planning, estimation, and design/code reviews
Work with on-site PhD scientists that give immediate feedback on models
Work with fresh datasets that are custom curated and constantly updated
Receive one-on-one coaching and investment in your personal and professional growth
You have:
3+ years of experience working as a professional developer or researcher applying machine learning techniques to solve business problems
Strong experience with Python and programming fundamentals
Extensive experience with NLP and PyTorch
Experience with data manipulation and processing using SQL or pandas
A growth mindset and a constant desire to learn
Strong cross-team communication and collaboration skills
Experience recreating and applying state-of-the-art NLP research
Nice to haves, but not mandatory qualifications:
A background in Life Science
Working knowledge of data versioning tools such as DVC for machine learning
Working knowledge of distributed systems and data processing fundamentals
Knowledge of distributed data processing abstractions like Beam or Spark
Working knowledge of machine learning data fundamentals such as data splits, training-serving skew, common data representations such as embeddings or multi-hot encodings, sampling strategies for active learning
Working knowledge of how to evaluate classification model quality, such as precision, recall, F1, PR/ROC curves
What BenchSci will provide you with:
16"" MacBook Pro or Linux Laptop
Access to Google Cloud Platform resources including GPU/TPU devices
On-site Ph.D. scientists that give immediate feedback on models
Fresh datasets that are custom curated and constantly updated
One-on-one coaching and investment in your personal and professional growth
Empowerment to own your solutions
Our benefits and perks:
An engaging remote-first culture that hires the best talent from around the world
A competitive compensation package that includes BenchSci equity options
Comprehensive health and dental benefits with an emphasis on mental health
An annual Executive Health Assessment at Medcan for proactive health awareness
Three weeks of vacation plus an additional day for every completed year
Generous parental leave benefits with a top-up plan or paid time off options
Additional time-off: Winter Holiday (Dec 22-Jan 4th), Every other Friday in July and August, your birthday, and more!
An Oculus Quest 2 to connect with your team members in Virtual Reality
An executive coach for managers to assist in leading high-performing teams
Complimentary Headspace account to support mental wellness and focus
Complimentary genome sequencing from 23andMe to better understand your health through your DNA
Our Culture:
We believe culture is critical to success and invest accordingly. We live and promote our FASTT values of focused, advancement with speed, tenacity, and transparency. We work hard to maintain an engaging, supportive environment where everyone can do their best work. To learn more, read our culture deck.
Diversity, Equity and Inclusion:
We're committed to creating an inclusive environment where people from all backgrounds can thrive. We believe that improving diversity, equity and inclusion is our collective responsibility, and this belief guides our DEI journey. To learn more, read about our DEI initiatives.
Accessibility Accommodations:
BenchSci provides accessibility accommodations during the recruitment process. Should you require any accommodation, we will work with you to meet your needs.
#LI-Remote"
