Title,Description
"Registered Nurse, short term rehabilitaiton/complex orthopedic/Respiratory Rehab - Ottawa, ON - Indeed.com","Job Posting Information
REPOST - Original job posting #80808
About The Ottawa Hospital
Inspired by research and driven by compassion!
The Ottawa Hospital (TOH) is one of Canada’s largest learning and research multi-campus hospitals. With more than 1,100 beds and approximately 12,000 staff members, we deliver specialized care to the Eastern Ontario region.
From the compassion of our people to the relentless pursuit of new discoveries, The Ottawa Hospital never stops seeking solutions to the most complex health-care challenges while continually engaging with the community to support our vision for better patient care.
Working together with its research institute, the University of Ottawa, and other partners, the hospital is continually gaining national and international recognition for high-quality patient care, teaching and research, while striving to meet the needs of the culturally diverse community we serve.
Position Information
This position is for Ward B - Rehabilitation: Short term, Respirology, Complex Ortho.
Temporary position until approximately October 03, 2022.
Rotation/Shifts
Days, evenings and nights, including weekends, 8 and 12 hour shifts
For information purposes only - The Hospital reserves the right to change.
Basic Requirements
Certificate of registration from the College of Nurses of Ontario;
Recent experience working in acute care;
Demonstrates theoretical knowledge of the nursing process as it relates to the medicine, surgical or rehabilitation patient and the ability to apply this knowledge in a clinical setting;
Demonstrates the ability to assess the patient's learning needs and ability to plan appropriate teaching;
Demonstrates the ability to work effectively in a collaborative multidisciplinary approach to patient care;
Demonstrates the ability to assess the patient's discharge needs and participates in the planning process;
Demonstrates the ability to communicate effectively in an oral and written format with patients, public, colleagues and other health discipline;
Demonstrates interpersonal and problem solving skills;
Identifies a commitment to personal continuing education activities; Demonstrates an understanding and a willingness to participate in self-evaluation;
Demonstrates an understanding of the application and relevance of the Quality Assurance Program and participates in unit activities;
Must be eligible to work in Canada.
Preferred Qualifications
BScN;
Non- Violent Crisis Intervention course;
Proficiency in English and French – oral expression (advanced level) and comprehension (advanced level).
What you can expect from us
The Ottawa Hospital is committed to providing a healthy, safe, and inclusive work environment for everyone. We are driven by our purpose to provide each patient with the world-class care, exceptional service and compassion we would want for our loved ones.
We offer an attractive and equitable compensation package including a comprehensive benefits package, a Defined Benefit Pension (DBP) plan, and insurance protection. We also offer discounts from choice providers on a variety of products and services.
The Ottawa Hospital provides various Health and Wellness resources as well as opportunities for personal and professional development opportunities from our in-house Learning and Leadership Development team to help align your goals with your career objectives.
Please Note
Applicants who do not meet the above-noted requirements are eligible to apply for this position and may be considered if there are no other applicants who meet all of the requirements.
Applicants selected for an interview will be notified of interview results.
Interested? Apply today!
If you are passionate about what you do, motivated by improving the health of the community, excited by leading-edge medical technology, and as committed to excellence, quality and patient safety as we are, we would like to hear from you. Please submit an on-line application for the position you are interested in. We thank all those who apply but only those selected for further consideration will be contacted.
The Ottawa Hospital is an equal opportunity employer. Upon request, accommodations due to a disability are available throughout the recruitment process."
"Directeur(trice) des soins - Trois-Rivières, QC - Indeed.com","Nous sommes présentement à la recherche d’une personne pour combler un poste de directeur ou directrice des soins pour notre résidence de Trois-Rivières.
Le défi que nous vous offrons :
Sous l’autorité et en collaboration de la direction de la résidence, le ou la titulaire du poste a la responsabilité d’établir et maintenir des liens de qualité avec les aînés et leur famille, tout en assurant un climat propice à l’épanouissement de tous. Il ou elle est assisté dans ses fonctions par les responsables des différents départements de la résidence :
Planifier, organiser, diriger et de contrôler les activités sous sa responsabilité et faire preuve de leadership dans la gestion des ressources humaines pour guider l’équipe dans la réalisation de sa mission au service des résidents;
Est la personne contact lors d’urgence en lien avec son département (24h).
Et plus précisément, votre mandat consiste à :
Optimiser les opérations du département dans le but d’être le plus efficace possible;
Assurer l’utilisation optimale des ressources disponibles dans le respect des budgets approuvés et dans la perspective de maintenir et d’accroître la rentabilité des opérations;
Maintenir une communication régulière avec le directeur de la résidence afin de s’assurer de trouver des solutions visant l’amélioration des services ainsi qu’une gestion adéquate des risques;
Assurer la gestion opérationnelle des ressources humaines de l’ensemble des services offerts à la clientèle;
S’assurer que le département se conforme aux normes de certification en vigueur pour assurer le bien-être, la santé et la sécurité des résidents et des employés;
S’assurer que toutes les activités sous sa responsabilité soient en lien avec les objectifs;
Guider, motiver et mobiliser son équipe;
En collaboration avec le directeur de la résidence, identifier les objectifs du département sous sa responsabilité;
S’assurer que les membres de son équipe gèrent leurs services selon les politiques, les ententes-cadres et les processus établis et qu’ils rencontrent les objectifs financiers de l’entreprise.
Analyser et valider les recommandations de son équipe et approuver les projets.
Collaborer avec la directrice des ressources humaines pour l’embauche, la formation et l’intégration des employés
S’assurer que les services rencontrent les standards de qualité de LOKIA
Participer aux différentes réunions des opérations et au comité de gestion
PROFIL RECHERCHÉ :
Formation pertinente en administration ;
Formation en santé (atout);
5 à 8 années d’expérience en gestion de personnel ( atout majeur);
Excellentes aptitudes pour le travail d'équipe ainsi que pour les communications écrites et verbales;
Expérience dans le milieu de la santé (atout majeur);
Connaissance du logiciel SyMO (un atout).
VOICI CE QUE NOUS VOUS OFFRONS :
La chance de laisser ta marque dans le développement du département des soins infirmiers;
Une rémunération à la hauteur de ton talent;
Un emploi à temps plein, mais aussi une sécurité d'emploi;
Un fonds de pension avec la contribution de l'employeur ainsi qu'une assurance collective;
Un environnement de travail stimulant et épanouissant;
Une équipe de gestionnaires en or;
Un emploi qui te rendra vraiment fier de ce que vous faites avec des humains fantastiques.
Pour faire partie de notre grande famille, vous devez être :
Humble, agréable et savoir parler aux gens (savoir mettre des gants blancs finalement);
Capable d'analyser une situation en profondeur afin de trouver une solution;
Organisé et structuré dans tes méthodes de travail;
Capable d'être créatif ( capable de te revirer sur un 10 cents);
Un joueur d'équipe (le nombre fait la force chez LOKIA);
Ouvert d'esprit et motivé à relever de nouveaux défis ( parce que oui il y en a chez Lokia Trois-Rivières)
HORAIRE DE TRAVAIL:
Poste à temps plein de jour.
‍
*** Prime d'embauche de 1000$"
"Nursing Assistant - Repost - Winnipeg, MB - Indeed.com","Requisition ID:
290241
Position Number:
20020032
Posting End Date:
November 24, 2021
City:
Winnipeg
Site:
Health Sciences Centre
Department / Unit:
Clinical Assessment Unit
Job Stream:
Clinical
Union:
CUPE-1550(204)
Anticipated Start Date:
ASAP
FTE:
0.60
Anticipated Shift:
Days;Evenings;Weekends
Daily Hours Worked:
8.25
Annual Base Hours:
2015
Shared Health leads the planning and coordinates the integration of patient-centred clinical and preventive health services across Manitoba. The organization also delivers some province-wide health services and supports centralized administrative and business functions for Manitoba health organizations.
Position Overview
Working as part of a multidisciplinary team under the supervision of the Manager of Patient Care or Nurse in Charge, the incumbent:
Performs a variety of clerical tasks and acts as a communication link for the unit.
Performs a variety of tasks for the care and comfort of patients as well as routine domestic tasks to maintain the cleanliness of the area (approximately 10-90% dependent on unit, occupancy and shift).
Experience
Previous related work experience preferred.
Education (Degree/Diploma/Certificate)
Complete high school education, Manitoba standards, required.
Successful completion of a Nursing Assistant program or equivalent (both the Health Care Aide and Unit Clerk programs) required.
Medical terminology (75% pass mark) required.
Certification/Licensure/Registration
Not Applicable.
Qualifications and Skills
Preference will be given to those applicants competent in an Indigenous language and/or knowledge in Indigenous customs, traditions and values.
Information and/or training will be provided within the probation period for the following:
Personal Health Information Act (PHIA), Workplace Hazardous Material Information System (WHMIS) and Principles of Routine Practices (Universal Precautions).
Regional, site and unit policies and procedures.
Roles and responsibilities of members of the health care team.
Basic keyboarding skills required.
Excellent command of the English language (both oral and written).
General skills and ability to perform all tasks and responsibilities relevant to the duties of the position.
Ability to organize and prioritize assigned workload.
Ability to recognize and pursue self-development opportunities.
Effective verbal and written communication skills.
Ability to respond to a variety of simultaneous demands.
Ability to perform as a team member and seek assistance as necessary.
General administrative and secretarial skills and ability to perform all tasks and responsibilities relevant to duties of the position.
Ability to operate information technology equipment as required, e.g. fax, photocopier, computer, etc.
Physical Requirements
Must be able to function effectively in a stressful environment with frequent interruptions.
Position may involve physical activity such as lifting, transferring and transporting patients and equipment.
The Collective Agreement this position is covered under, is identified by the Union noted above. As a result of
The Health Sector Bargaining Unit Review Act
, the bargaining agent for this position may differ from the Union identified. In the event you have any questions, please contact your site Human Resources Department.
We have a unique ability to work together to make health care better. If you want to make a difference and contribute to supporting the health of your family, friends and neighbours, please apply today.
Interested candidates should select the ""Apply"" icon below to upload their cover letter, resume and copy of licenses/certification.
This position requires a current satisfactory Criminal Records Check (including Vulnerable Sector Search), Child Abuse Registry Check and Adult Abuse Registry Check as conditions of employment. The successful candidate will be responsible for any service charges incurred. A security check is considered current if it was obtained no more than six (6) months prior to the start of employment.
Please note that an employee is not permitted to hold two or more positions in Shared Health that combine to equal more than 1.0 FTE.
Shared Health values and supports employment equity and workplace diversity and encourages all qualified individuals to apply. We thank all applicants but only those selected for an interview will be contacted.
We welcome applications from people with disabilities. Accommodations are available upon request during the assessment and selection process.
Direct care workers are required to either be vaccinated for Covid-19 or to participate in on-going regular Covid-19 testing pursuant to Orders made under The Public Health Act C.C.S.M. c.P210. Successful applicants will be notified at the time of offer of the applicability of this requirement for this position."
"Infirmier(ère) auxiliaire - Quebec City, QC - Indeed.com","DESCRIPTION DE L'EMPLOI
Sous la responsabilité de l'infirmière-chef et des infirmières autorisées, participe à l'administration d'un ensemble de procédés diagnostiques, thérapeutiques et préventifs. Donne également des soins de bien-être requis par les religieuses. Exécute certains examens et prescriptions. Collabore avec les autres professionnels lors d'examens et traitements.
DESCRIPTION DES COMPÉTENCES
Aptitudes et intérêts pour le travail auprès des personnes âgées
Esprit d'équipe et d'entraide
Sens des responsabilités
Savoir faire preuve de discrétion
Sens de l'observation
Être capable de satisfaire aux exigences de la tâche
CONDITIONS DIVERSES
Remplacement de congés de maladie, d'absences, vacances, etc.
La personne doit être disponible à travailler de jour et de soir
Des primes de soir et de fin de semaine sont applicables selon le quart de travail effectué
La personne retenue devra être disponible pour commencer le plus rapidement possiblement
Les personnes intéressées à postuler devront être adéquatement vaccinées contre la covid-19 pour le 14 novembre 2021
PRÉCISIONS ADDITIONNELLES
Selon nos politiques et directives particulières, vous apportez votre savoir-faire à ceux qui en ont besoin: les religieuses et vos collègues. Si vous vous reconnaissez dans notre vision des soins, n'attendez plus et joignez-vous à une équipe pour qui le bien-être des religieuses est une priorité.Vous voulez voir à quoi ressemble nos milieux de travail? Nous vous invitons à visionner nos vidéos dans l'onglet ""Emplois"" sur le site internet des Soeurs du Bon-Pasteur de Québec!
**Seulement les candidats(es) retenus(es) pour passer en entrevue seront contactés(ées)**
Numéro de référence : 2021-11-11 INFAUX QC
Heures à temps partiel : 30 par semaine
Type d'emploi : Temps Plein, Temps Partiel
Salaire : 24,56$ à 30,83$ par heure
Avantages :
Stationnement sur place
Rémunération supplémentaire :
Primes
Mesures COVID-19:
Équipements de protection individuel fournis; le personnel doit être adéquatement vacciné contre la covid-19 pour le 14 novembre 2021
Question(s) de présélection:
Êtes-vous membre de l'OIIAQ?
Formation:
DEP/ AEC ou Certificat (Obligatoire)
Expérience:
soins infirmiers: 1 an (Souhaité)
Disponibilité:
Travail en journée (Obligatoire)
Travail en soirée (Obligatoire)
Télétravail:
Non"
"Registered Practical Nurse - Newmarket, ON - Indeed.com","Company Bio
Building healthy communities through outstanding care, innovative partnerships, and amazing people.
Join our team and together we will make progress on our Strategic Goals:
Forge a new path to meet the changing needs of our growing communities
Champion a culture of exemplary care and deliver clinical excellence
Create an environment where the best experiences happen
Own our role to improve the system
Through new partnerships, a relentless focus on quality and sustainability, and a dedication to the best patient and provider experience, Southlake will improve the health of our communities and shape the future of healthcare.
Job Summary
The Registered Practical Nurse works within the Standards of Nursing practice as directed by the College of Nurses, the Regulated Health Professional Act, July 1996, Regulations, the Nursing Act (Bill 57) and the Guidelines of Ethical Behaviour, policies and practices of the Hospital.
The RPN works within an interprofessional team to provide outstanding care for patients attending the COVID Assessment Centre, and as a member of the mobile COVID testing team at various locations, for assessment and consultation. The RPN works as part of the team performing COVID testing to educate patients and families on recommendations, treatment options and self-management strategies.
Qualifications
RPN diploma from a recognized school of nursing.
RPN Certificate of Registration, in good standing, from the College of Nurses of Ontario
Current BCLS certification required
Minimum one-year recent experience, within the last two years, in medicine, surgery, or emergency department.
Proficiency with Phlebotomy and IV start.
Demonstrates proficiency in physical assessment.
Experience working in a dynamic and interactive team environment
Experience working with complex patients.
IV and wound care practical experience.
Medication reconciliation knowledge and experience.
Ability to work in close collaboration with other team members and physicians in an interprofessional team environment in a fast paced environment.
Ability to prepare patient clinical information in preparation for visit utilizing both internal and external sources of information.
Proven ability to address follow up questions from patients, facilitate linkages to other hospital programs and community services and communicate team recommendations to primary care physicians.
Closing Statement
As a condition of employment, you are required to submit proof of COVID-19 vaccination to the Hospital’s Occupational Health and Safety department. Successful candidates will be required to submit proof of COVID-19 vaccination (two doses) from the Ontario Ministry of Health website or other authorized source directly to the Occupational Health and Safety department. In the event that you are unable to be vaccinated as a result of a ground protected under the Human Rights Code, you may submit a written explanation of the ground and any supporting documentation to determine if you are exempt from this requirement to the recruitment team. A recruitment representative may follow up with you for further information if necessary.
At Southlake, we are committed to fostering an inclusive and accessible environment. We are dedicated to building a workforce that reflects the diversity of the community in which we live and serve, including those with disabilities. Southlake is committed to providing accommodations in all parts of the hiring process. If you require an accommodation, we will work with you to meet your needs.
It is the responsibility of all Southlake employees to work in a safe manner and promote health and safety in the workplace."
"CANDIDAT À L’EXERCICE DE LA PROFESSION D’INFIRMIER AUXILIAIRE - Saint-Augustin-de-Desmaures, QC - Indeed.com","Vigi Santé vous offre des emplois valorisants et stimulants au sein d’équipes multidisciplinaires compétentes et humaines.
Nous avons présentement une opportunité au CHSLD Vigi Saint-Augustin,
situé au 4954 rue Clément-Lockquell à St-Augustin de Desmaures et hébergeant 100 résidents, pour combler le poste de :
Candidat à l’exercice de la profession d’infirmier auxiliaire
_______________________________________________________
Un mandat dédié à un milieu de vie animé et dynamique!
Vous collaborerez à l’application de la démarche de soins selon le modèle de soins en vigueur dans l’établissement pour les résidents qui vous sont confiés;
Vous collaborerez à l’identification des besoins bio-psycho-socio-culturels et environnementaux des résidents et à la planification des soins requis;
Vous prodiguerez et évaluerez les soins infirmiers et d’assistance pour lesquels vous êtes habilités en vertu des lois et règlements régissant l’exercice de la profession;
Vous collaborerez, avec l’infirmier et les intervenants de l’équipe interdisciplinaire, sous réserve des réglementations concernant les actes délégués, aux activités de soins préventifs, diagnostiques, thérapeutiques, d’adaptations, de promotion de la santé et de qualité de vie, d’enseignement et de recherche;
Vous assisterez l’infirmier, au besoin, dans certaines activités relatives à la gestion des soins infirmiers, des ressources matérielles et organisationnelles du secteur de soins.
Exigences :
Un profil qui fait la différence!
Vous êtes titulaire d'un diplôme donnant ouverture au permis ou d'une équivalence de diplôme ou de formation reconnue par l'OIIAQ?
Vous détenez une attestation d'exercice à titre de candidat à l'exercice de la profession d'infirmier auxiliaire (AECEPIA)?
Vous vous réalisez dans la relation d’aide et pour vous empathie et respect ne font qu’un?
Vous avez une réelle vocation pour les soins de longue durée?
Vous êtes reconnu pour votre souci d’excellence des soins et des services?
En vous joignant à notre famille
Vous ferez partie d’une organisation reconnue pour son excellence et la qualité de ses services. Après tout, par deux fois nous avons été agréés avec mention d’honneur par Agrément Canada!
Vous œuvrerez dans un contexte de travail favorisant l’entraide et la solidarité, tant dans les réussites que dans les moments plus difficiles…parce qu’une famille c’est également ça.
Vous pourrez échanger directement avec votre gestionnaire, sur une base quotidienne. Et oui! à Vigi Santé, nous sommes « uni-site » et pas « multi-sites »!
Vous aurez droit aux mêmes conditions de travail et avantages sociaux que ceux du réseau de la santé (dont, entre autres, un salaire de $20,56/h, quatre (4) semaines de vacances annuelles, treize (13) congés fériés et un régime de retraite), d’où l’avantage d’être un CHSLD privé-conventionné !
Alors travailler à Vigi Santé est fait pour vous!
Numéro de référence:
SA-5602
Postuler pour cet emploi"
"Registered Nurse - First Assistant - Yellowknife, NT - Indeed.com","Department Information
The Northwest Territories Health and Social Services Authority (NTHSSA) offers challenging and exciting careers in health and social services delivery and administration in Canada’s North. The Territorial Authority has service locations in communities across the territory and a staff of more than 1,600 serving over 43,000 residents of the NWT and 5,900 residents of the Kitikmeot Region of Nunavut. Challenging work, welcoming communities, and expanded opportunities are some of the benefits offered to employees of the NTHSSA.
Job Information
The Registered Nurse-First Assistant (RNFA) is responsible for providing operative assistance to the surgeon during major surgeries for patients under anaesthetic procedures in the Operating Room. A Registered Nurse First Assistant (RNFA) is an experienced perioperative nurse who has completed additional education in the role diversity of the first assistant, including intraoperative knowledge and techniques necessary to assuming responsibilities of the first assist. The development of specific technical skills enables the RNFA to assist the surgeon with specific intraoperative procedures that are beyond the scope of practice for registered nurses without RNFA education and training.
Typically, the above qualifications would be attained by:
Graduation from an accredited college/university nursing program, a minimum of 5 years’ experience in Perioperative Nursing and graduation from a credentialed Registered Nurse First Assistant Program.
GNWT Inquiries
Inquiries Only:
Health Recruitment
Department of Finance
Government of the Northwest Territories
YELLOWKNIFE CENTRE 5TH FLOOR
BOX 1320 YELLOWKNIFE NT X1A 2L9
Tel
(867) 767-9154 Extension 14106
Fax (867) 873-0445
hlthss_recruitment@gov.nt.ca
Note: If you do not receive electronic notification confirming receipt of your application, please follow up via telephone."
"Infirmier(ère) auxiliaire - Quebec City, QC - Indeed.com","Découvrez, soyez a votre plein potentiel dans notre Famille Nova Pacheco.
Relevant de la directrice de territoire, la directrice de clinique a pour mission fondamentale d’assurer l’entière satisfaction de la clientèle en veillant au bon déroulement du service et des activités de la clinique. Elle soutient les conseillères cliniques et le personnel médical en voyant à l’application des politiques et des standards de l’entreprise, ainsi qu’au respect de l’image de marque et de l’expérience client.
Au sein de notre dynamique équipe, vous aurez à effectuer les tâches suivantes:
Superviser et optimiser les activités de la clinique
Accueillir, conseiller et évaluer les besoins des clients
Effectuer divers traitements beauté médico-esthétiques
Suivre et atteindre les objectifs de performance de sa clinique, fidéliser et développer la clientèle
Assurer une saine gestion quotidienne des ressources humaines qui lui sont confiées. Régler rapidement tout conflit ou irritant pour assurer un milieu de travail sain.
Accompagner, soutenir, évaluer et encadrer les techniciennes dans l’accomplissement de leurs objectifs en matière de service clientèle et de vente notamment
Maximiser l’utilisation des salles de traitements et les plages horaires des médecins et infirmières.
Assurer une gestion efficace des plaintes et insatisfactions clients
Veiller à l’application des politiques et des standards de l’entreprise ainsi qu’au respect de l’image de marque et de l’expérience client. Contrôler la qualité des traitements prodigués.
Effectuer diverses tâches administratives telles que la production de rapports, la prise d’inventaire et de commandes, la confection des horaires de travail, etc.
Effectuer toute autre tâche essentielle au bon fonctionnement de la clinique.
Compétences recherchées:
Vous avez de l'entregent, un sens du service à la clientèle inné et un professionnalisme hors pair? Rejoignez notre équipe!
Avoir complété un DEP en esthétique ou dans un domaine connexe, un atout
infirmière de profession
Avoir de 3 à 5 ans d’expérience pertinente (incluant la gestion de personnel)
Forte aisance avec l’informatique
Être dynamique et passionnée du service à la clientèle
Avoir de fortes aptitudes pour la vente et le coaching des employés
Avoir une attitude positive et mobilisatrice
Pouvoir effectuer plusieurs tâches simultanément et capacité à prioriser ce qui doit l’être
Offrir des disponibilités pour travailler le jour, soir et fin de semaine
Anglais fonctionnel
Heures à temps partiel : 20-40 par semaine
Type d'emploi : Temps Plein, Temps Partiel, Permanent
Salaire : 20,00$ à 40,00$ par heure
Horaire :
8 Heures
Quart de jour
Mesures COVID-19:
port du masque obligatoire pour le service client
Formation:
DEP/ AEC ou Certificat (Souhaité)
Expérience:
infirmier: 2 ans (Souhaité)
soins infirmiers: 2 ans (Souhaité)
Télétravail:
Non"
Graduate Nurses - PEI Nursing Recruitment Incentive Program - Prince Edward Island - Indeed.com,"Nursing Opportunities in Prince Edward IslandThere are many health career opportunities for nurses on Prince Edward Island. PEI offers an integrated community based health system which includes a wide variety of services such as acute care, home care, public health, addictions and mental health. The Island has two main referral acute care facilities (Queen Elizabeth Hospital, Charlottetown and Prince County Hospital, Summerside) and four rural hospitals (Souris Hospital, Souris; Kings County Memorial Hospital, Montague; Western Hospital, Alberton; and Community Hospital, OLeary) that play an integral role in Island health care. The province offers mentorship program for graduating nurses.The PEI Public Service Commission is responsible for staffing health positions in Health PEI worksites in the province. The department is responsible for managing and delivering all aspects of health care across the province. The Prince Edward Island health system offers exciting career opportunities for you in the nursing profession.To apply to the P.E.I. Nursing Recruitment Incentive Program for
Graduate RNs, please visit www.healthjobspei.ca. Please Note:
If you are interested in applying for additional casual lists, please continue to the external competitions option located under the Health Career Opportunities tab.
Qualifications"
"ASSISTANT INFIRMIER/ASSISTANTE INFIRMIÈRE / MÉDECINE 3A - Saint-Charles-Borromée, QC - Indeed.com","Infirmier ou infirmière qui assiste l’infirmier-chef ou l'infirmière-chef ou le supérieur immédiat dans ses fonctions. Cette personne planifie, supervise et coordonne les activités d’un service pour toute la durée de son service. Elle agit comme personne-ressource auprès de ses collègues pour la planification, la distribution et l’évaluation des soins infirmiers.
Elle collabore à la conception, l’implantation, l’évaluation et à la révision de la programmation d’un service et d’outils cliniques et d’évaluation de la qualité des soins. Elle collabore à l’orientation, à l’identification des besoins de formation et à l’évaluation du rendement du personnel.
Elle exerce, lorsque requis, les fonctions habituelles d’infirmier ou d'infirmière.
De plus, l'assistant-infirmier-chef ou l'assistante-infirmière-chef ou l'assistant du supérieur immédiat ou l'assistante du supérieur immédiat de jour remplace l’infirmier-chef ou l'infirmière-chef ou le supérieur immédiat lors de ses absences régulières dans un service. Ces absences sont les suivantes :
a) les congés hebdomadaires;
b) les congés fériés;
c) les congés annuels;
d) toute autre absence n’excédent pas un (1) mois continu.
Exigences :
Niveau 1: Doit détenir vingt-quatre(24) mois de pratique clinique.
Advenant qu'aucun candidat ne répond aux exigences du niveau 1:
Niveau 2: Doit détenir douze (12) mois de pratique clinique .
Ce poste est octroyé conformément à l'annexe 1 de la convention collective FIQ.
Doit détenir son permis d'exercice de l’Ordre des Infirmières et Infirmiers du Québec (O.I.I.Q.).
Remarques :
Nous remercions toutes les personnes qui poseront leur candidature, mais nous communiquerons qu’avec celles retenues pour un processus de sélection.
Le CISSS de Lanaudière applique un programme d'accès à l'égalité en emploi et invite les Autochtones, les minorités visibles, les minorités ethniques, les femmes et les personnes handicapées à présenter leur candidature. Les personnes handicapées peuvent également nous faire part de leurs besoins particuliers relativement au processus de sélection pour l'emploi sollicité afin de faciliter l'étude de leur candidature.
Si vous postulez d'un appareil mobile (téléphone intelligent, tablette), vous recevrez un courriel d'accusé réception vous demandant d'aller mettre à jour votre dossier et déposer votre CV afin que votre candidature soit prise en considération."
"CEPI/Infirmier(ère) -- Unité d'Hémato-Oncologie - Montréal, QC - Indeed.com","Ta contribution au bien-être de nos patients
Vous êtes infirmier(ère) ou CEPI et vous souhaitez travailler en pédiatrie spécialisée? À l’unité d'HÉMATO-ONCOLOGIE, nous avons des postes à temps complet ou à temps partiel disponibles pour vous!
Possibilité de postes en 12 heures.
Postes disponibles:
Temps complet ou temps partiel rotation Jour/Soir/Nuit ou Jour/Nuit
Temps complet ou temps partiel soir
Temps complet ou temps partiel nuit
Joignez-vous à notre ÉQUIPE DYNAMIQUE, ENGAGÉE ET ACCUEILLANTE et faites partie d’un centre d’excellence où vous pourrez vous accomplir tant au niveau professionnel que personnel à travers les défis qui vous attendent.
Venez travailler avec nous au centre de cancérologie, pour l’amour des enfants!
FAIRE CARRIÈRE CHEZ NOUS C'EST :
- Œuvrer auprès d’une clientèle unique et variée; accompagner les enfants, les adolescents et les parents tout au long de leurs traitements et développer avec eux une relation thérapeutique des plus significatives;
- Découvrir une spécialité où les soins sont en constante évolution grâce à la recherche et aux avancées médicales en oncologie pédiatrique;
- Planifier, dispenser et évaluer des soins intégraux individualisés et centrés sur les besoins de chaque patient;
- Avoir recours aux équipements les plus sophistiqués;
- Développer une grande polyvalence en gravitant entre l’unité d’hospitalisation et l’unité de greffe de cellules souches (moelle osseuse et sang de cordon) et en travaillant en collaboration avec le centre de jour;
- Avoir la possibilité de se réaliser et s’impliquer à travers les volets de la mission universitaire;
- Être partie prenante du Centre de Cancérologie Charles-Bruneau dont la réputation est internationale et qui abrite le Centre d'Excellence National de Greffe de moelle osseuse et de Sang de cordon desservant toute la province du Québec, soit l’un des cinq centres pédiatriques nord-américains les plus actifs en greffe de sang de cordon et le premier centre pédiatrique canadien à obtenir la prestigieuse accréditation de la FACT (Foundation for the Accreditation of Cellular Therapy);
- Bénéficier d’un programme d’orientation et d’encadrement et du support de toute l’équipe afin de vous intégrer et vous adapter aux spécificités de notre unité;
- Faire partie d’une équipe interdisciplinaire, ultraspécialisée, dynamique et engagée et lutter avec nous contre le cancer pédiatrique!
Type d'emploi : Temps Plein, Temps Partiel, Permanent
Salaire : 21,91$ à 45,22$ par heure
Avantages :
Garderie sur Place
Pension de Retraite
Stationnement sur place"
"Infirmière en CHSLD de soir ou de nuit - Brossard, QC - Indeed.com","Vous êtes intéressé(e) à relever un défi et à participer à la réussite d'une structure innovante?
Le Centre d'Accueil Marcelle-Ferron est à la recherche d'assistante infirmière-chef afin de combler des postes disponibles de soir et de nuit.
Principales responsabilités:
Infirmier(ère) qui assiste l'infirmier(ère) chef ou le supérieur immédiat dans ses fonctions;
Cette personne planifie, supervise et coordonne les activités d'un service pour toute la durée de son service;
Elle agit comme personne ressource auprès de ses collègues pour la planification, la distribution et l'évaluation des soins infirmiers;
Elle collabore à la conception, à l'identification et à la révision de la programmation d'un service et d'outils cliniques et d'évaluation de la qualité des soins;
Elle collabore à l'orientation, à l'identification des besoins de formation et à l'évaluation du rendement de personnel;
Formation académique:
Être membre en règle de l'OIIQ;
Diplôme d'études collégiales en soins infirmiers ou baccalauréat en soins infirmier (atout).
Type d'emploi : Temps Plein, Temps Partiel
Salaire : 24,87$ à 43,06$ par heure
Avantages :
Assurance Dentaire
Assurance Invalidité
Assurance Maladie Complémentaire
Assurance Vie
Nourriture à Prix Réduit ou Gratuite
Programme d'Aide aux Employés
Stationnement sur place
Horaire :
Disponibilité la fin de semaine
Heures Supplémentaires
Quart de Nuit
Rémunération supplémentaire :
Heures supplémentaires majorées
Primes
Formation:
DEC (Souhaité)
Expérience:
infirmier: 1 an (Souhaité)
soins infirmiers: 1 an (Souhaité)
Télétravail:
Non"
"Flight Registered Nurse (RN) - Mount Hope, ON - Indeed.com","Flight Registered Nurse
Do you love patient care? Do you love to travel the world? Why not combine them both into a rewarding career? Latitude Air Ambulance Inc. is a private Air Ambulance Service located at The Hamilton International Airport in Mount Hope Ontario Canada.
We are presently looking for a qualified, professional, experienced RN with MINIMUM of 2-3 years in a full time ICU, CCU or ER setting. Likes to experience new challenges, works very well as a team member and is able to handle stressful situations. Must have excellent communication and organizational skills, a positive attitude and can multitask at any given time.
Location:
YHM – Hamilton International Airport
2 Positions Available:
Full Time Permanent - scheduled 17 days per month in blocks of 10 and 7 days (schedule priovided annually)
Casual Permanent - You must be able to provide a minimum of 4 consectutive days of availablity per month
Job Scope
Provides high quality nursing or medical care including assessment and treatment utilizing standards and guidelines established by Latitude Aeromedical; assess the nature and extent of illness or injury to establish and prioritize the care needed for safe transport of the critical patient to the appropriate facility; is qualified to provide care for patients across the life span in his/her assigned clinical area; responsible for carrying out the mission and goals of Latitude assuring that safety remains the highest priority throughout the transport.
Responsibilities
Provides nursing care from the initial contact until patient care is relinquished to the accepting medical facility; maintains thorough patient care documentation.
Practices nursing within his/her scope of practice. Maintains competency in knowledge by participating in ongoing clinical experience. Communicates educational needs to the Medical Base Supervisor and Medical Education Coordinator. Maintains documentation of required licensure, certifications, continuing educations, aviation and safety training. Attends continuing education programs pertinent to his/her area of practice.
in use and routine maintenance of all equipment and supplies used by Latitude. Responsible for reporting medical equipment failures. Maintains adequate supplies onboard aircraft to deliver patient care. Keeps aircraft clean and orderly to insure rapid response to all transport requests.
Maintains positive interpersonal relationships with colleagues, EMS representatives, hospitals and the public.
Functions as a medical flight member. Complies with safety standards to assure safety of self, medical personnel, patient and equipment.
Performs advanced skills and procedures as approved by Latitude Aeromedical Works
Serves as a role model, educator and clinical resource. Acts as a preceptor and/or participates in orientation of new employees. Participates in continuing and outreach education programs.
Attends and participates in meetings according to established departmental guidelines. Participates in departmental quality improvement activities as assigned.
Other duties as assigned within scope of practice.
Qualifications
MUST have a MINIMUM of 2-3 years 'recent experience' in a full time ICU, CCU or ER working with adult populations
; pediatric experience is a bonus
Must hold valid Canadian passport with no travel or visa restrictions
Second language in written/verbal is an asset
College of Nursing diploma or BSCN; in good standing with the CNO
ACLS/BLS is a MUST, TNCC preferred.
Experience in training and facilitation would be a bonus
All other licenses or certification required in your scope of practice.
Immunizations up to date; including COVID-19 as a condition of hire (Federally Mandated Industry)
Clear Vulnerable sector check
Ability to provide a Flight Medical upon hire.
Skills/Personal traits:
Exceptional problem solving and critical thinking skills
Excellent attention to detail and records management
Team oriented
Good organizational skills
Remains levelheaded and calm in any environment
Ability to work at a fast pace and under pressure
Strong prioritization skills
What is in it for you?
Competitive starting salary with per diems for travel
Schedule provided on an annual basis (rotations include holidays and weekends); priority for scheduling must be given to Latitude before other work commitments
Benefits (EHC/Dental/Drug Plan, etc.)
Group RRSP program (Full Time only)
Employee Assistance Program
Corporate Plan Discount with Telus
Work for a company that values Compassion, Integrity & Trust
Team atmosphere with a ‘Family’ feel
Social Events; River Day/Summer BBQ, Christmas Parties, etc.
Catered lunches on the last Friday of every month"
"Infirmière auxiliaire - Hudson, QC - Indeed.com","Type(s) d'horaire
7/15-Soir, une fin de semaine sur deux, avec disponibilités jour et nuit si besoins organisationnels
Description du poste
L’infirmière auxiliaire contribue au service à la clientèle de la Maison de soins palliatifs de Vaudreuil- Soulanges en offrant à chaque patient des services de soins infirmiers palliatifs personnalisés, en assurant l’évaluation de son état de santé et de ses symptômes de fin de vie
AVANTAGES LIÉS AU POSTE
Climat de travail sain et humain, basé sur la confiance mutuelle et la collaboration ;
Flexibilité des horaires de travail ;
Salaire à 95 % de l’échelle salariale du réseau de la santé (presque équivalent lorsqu’on soustrait tous les frais afférents)
Pour le quart de nuit, horaire de 7 quarts consécutifs par deux semaines, et 7 jours de congé consécutifs
Prime offerte pour le quart de nuit
Vacances : équivalent de 8% des semaines de travail cumulées après un an de service;
2 journées de congé-maladie et 2 journées personnelles ;
Régimes d’assurance-maladie, d’assurance-vie, d’assurance-voyage et d’assurance-invalidité longue durée qui s’applique à tous les employés permanents détenteurs d’un poste après 3 mois de service. Les assurances sont payées à 50 % par l’employeur ;
Régime volontaire d’épargne retraite (RVER) de Desjardins
Stationnement gratuit ;
Possibilité de se procurer des repas chauds à un coût modique à la salle à manger
Café/thé/tisane offerts gratuitement en tout temps
Exigences
Être membre en règle de l’OIIAQ
Expérience en soins palliatifs un atout ;
Type d'emploi
: Temps partiel, permanent"
"Patient Care Assistant - RCC - Mississauga, ON - Indeed.com","Job Description:
CUPE JOB POSTING
Position:
Patient Care Assistant - RCC
File #:
2021-24291
Status:
Full-Time x1
Role Level:
CUPEC02 - $22.238 – $25.596 per hour
Department:
Primary Care, Rehab, CCC, RCC and Seniors' Services
Site:
Humber Reactivation Care Centre (RCC), 200 Church Street (401 & Jane)
Hours of Work/Shifts:
Days and evenings (8 hour shifts)
Posted:
November 18, 2021
Internal Deadline: November 25
, 2021
The location of any vacancy/position may be changed or reassigned as per operational needs
Trillium Health Partners (THP) is one of the largest community-based acute care facilities in Canada. Comprised of the Credit Valley Hospital, the Mississauga Hospital and the Queensway Health Centre, Trillium Health Partners serves the growing and diverse populations of Mississauga, West Toronto and surrounding communities and is a teaching hospital affiliated with the University of Toronto.
Our Mission:
A New Kind of Health Care for a Healthier Community
When we set out to build our vision and future, we connected with our community - patients, families, visitors, physicians, staff and volunteers. The foundational goals of our new strategic plan - quality, access and sustainability - anchor everything we do. Our mission for a new kind of health care is built on an inter-connected system of care organized around patients - inside and outside the hospital.
At THP, we are relentless in providing high quality, compassionate care to our communities and take great pride in fostering an inclusive and accessible environment and we are all accountable for contributing to a healthy, safe and respectful environment for healing and promoting excellence in patient care though advancing patient and staff safety. If you are passionate about what you do, motivated to improve the health of the community, committed to excellence, quality and patient safety we would like you to join our Better Together team!
Key Qualifications:
Minimum Grade 12 or equivalent related skills & experience
THP certification and/or, personal support worker, orthopaedic certificate or appropriate other related Health Care Certificate required
Current BCLS & CPR Certificates essential
Previous Hospital/Health Care experience strongly preferred
Current basic computer skills
Effective written and oral communication skills and interpersonal skills to work as part of a multidisciplinary team.
Must have the knowledge, skill, judgment and ability to work with patients in an understanding, sensitive and compassionate manner.
Must be a self-directed individual with well-developed organizational skills
Possess the ability to take initiative and work with minimal supervision
A positive attendance and work record is essential
Position Summary:
As a member of the care giving team on the Patient Services units, assists the Nursing staff with the provision of patient care. Performs duties related to patient care under the direction of regulated Health Care Professionals and/or Physicians in accordance with hospital standards, policies and procedures.
Performs related activities required to assist the team in providing a safe, clean and comfortable environment for patients.
Responsible and accountable for the provision of patient care to a specific group of patients under the direction of regulated Health Care Professionals and in accordance with the standards set by the Hospital. Such duties include:
Delivery of meal trays to assigned patients, feeding of patients as necessary, or assistance with meals as required (opening packages, making patient comfortable and documenting food consumption
Assisting, under the direction of regulated Health Care Professionals, with ambulation, toileting, bathing and personal hygiene functions
Provides physical assistance to patients as required by assisting with lifts and transfers
Performs various patient care duties & related non-professional activities necessary in meeting patient’s personal needs and comfort and documenting as required.
Assists in the provision of a safe, clean and comfortable environment, including carrying out cleaning and infection control activities as required
Reports all concerns voiced by patients and their families
Alerts team members when any change or concern about the patient’s condition is raised
Cleans and disinfects beds, rooms and equipment as required, in accordance with THC standards
Other duties as assignedTop of Form
Internal candidates who believe they possess the necessary qualifications and experience for this position and who have been in their current position for at least six (6) months are encouraged to apply.
To pursue this career opportunity, please visit our website:
www.trilliumhealthpartners.ca
Trillium Health Partners is an equal opportunity employer committed to fostering a healthy
, safe and respectful environment for healing, based on our values compassion, excellence and courage. To be Better Together, we commit to fostering a respectful workplace culture that promotes a safe and supportive environment for everyone who provides care, supports caregiving, receives care or visits the hospital
.
In accordance with the
Accessibility for Ontarians with Disabilities Act, 2005
and the Ontario Human Rights Code Trillium Health Partners will provide accommodations throughout the recruitment and selection process to applicants with disabilities. If selected to participate in the recruitment and selection process, please inform Human Resources of the nature of any accommodation(s) that you may require in respect of any materials or processes used to ensure your equal participation.
All personal information is collected under the authority of the Freedom of Information and Protection of Privacy Act.
Trillium Health Partners is identified under the French Language Services Act.
We thank all those who apply but only those selected for further consideration will be contacted."
"Cosmetic Nurse - New Westminster, BC - Indeed.com","Nurse opportunity with Head To Toes Laser and Medical Spa in the heart of New Westminster, B.C.
*****We are looking for a Nurse that has experience injecting Botox and Juvederm OR has taken a Cosmetic Injection Course.******
Sales experience is also an asset.
Must be an RN, RPN, or NP and be in good standing with CNO.
If you love people, are naturally empathetic, energetic & healthy, a good listener, persistent & thoughtful and are deliberate in your actions and decisions, e-mail your resume. Only those who are to be interviewed will be contacted.
Job Types: Part-time, Contract, Freelance
Salary: $58,543.00-$131,399.00 per year
Schedule:
8 hour shift
Education:
Bachelor's Degree (preferred)
Licence/Certification:
Nursing (preferred)
Work remotely:
No"
"Infirmier(ère) auxiliaire en soins des pieds - Blainville, QC - Indeed.com","Description de l'entreprise
Dr. Alexandre Morel, podiatre, a ouvert les portes de La clinique Podiatrique de Blainville en 2013. Nous sommes fiers de compter sur une équipe complète d'employés qui partagent tous notre passion pour le service à la clientèle et le bien-être des patients.
Vous avez à cœur la santé des gens et aimeriez vous joindre à notre belle équipe de jeunes professionnels? Vous souhaitez en connaître davantage sur le poste offert? Faites-nous parvenir votre candidature sans plus tarder.
Description du poste
Nous sommes à la recherche d’un(e) candidat(e) motivé(e) et minutieux(se) afin de réaliser des soins de pieds en clinique podiatrique:
Débridement des cors et callosités
Coupe et amincissement des ongles
Tenue de dossier informatique
Important: être membre en règle de l’OIIAQ. Un atout si vous possédez une attestation reconnue en soins des pieds.
Salaire compétitif et avantages sociaux.
Au plaisir de faire votre connaissance!
Heures à temps partiel : 20-35 par semaine
Type d'emploi : Temps Plein, Temps Partiel, Permanent
Salaire : 25,00$ à 33,00$ par heure
Avantages :
Horaires flexibles
Programmes de Bien-être
Stationnement sur place
Horaire :
8 Heures
Du Lundi au Vendredi
Rémunération supplémentaire :
Heures supplémentaires majorées
Mesures COVID-19:
Le candidat est dans l'obligation d'être vacciné contre la COVID-19. Afin de répondre à cette exigence, veuillez noter qu'une preuve de vaccination vous sera demandée lors de l'entrevue.
Question(s) de présélection:
Avez-vous votre formation en soins des pieds?
Formation:
DEP/ AEC ou Certificat (Obligatoire)
Télétravail:
Non"
"Clinical Nurse Lead - Sydney, NS - Indeed.com","Nova Scotia Health employs professionals in all corners of our beautiful province. We believe there's a place here for everyone to call home, from vibrant cities with exuberant nightlife to quaint towns with picturesque trails. The work-life balance that comes with an Nova Scotia Health role means you'll have the time to explore, discover, and participate in that coveted Atlantic lifestyle. Visit us today and check out www.novascotia.com to see why more people from across the globe are moving here.
Responsibilities
Reporting to the Manager, the Clinical Nurse Leader is responsible (in collaboration with key stakeholders) to ensure that patient care is delivered according to professional nursing standards and the policies and procedures of Nova Scotia Health are followed. The Clinical Leader will identify learning needs and collaborate with the Clinical Nurse Educator (CNE) to develop and provide education to support unit staff. The Clinical Lead will develop, implement, and evaluate education for patients and families, colleagues, and members of other health-related disciplines. The Clinical Lead provides guidance and leadership to peers and other staff and works in a collaborative relationship with colleagues, unit staff, members of related health disciplines, and various community partners.
Qualifications
Graduate of an accredited school of nursing and eligible for registration in the province of Nova Scotia
Five (5) years recent clinical experience
Current BLS certification
Exceptional communication and interpersonal skills with the ability to interact with team members and community partners
Ability to work with minimum supervision, on a consultative basis, within the health care team
Demonstrated leadership abilities in the clinical setting
Demonstrated skills in critical thinking, priority setting and organization of work
Demonstrated initiative, judgement and decision-making in nursing practice
Demonstrated commitment to continuing education
Experience with patient/family advocacy
Demonstrated teaching ability
Good work and attendance record; attendance records may be reviewed
Physical ability to perform the duties of the position
Competencies in other languages an asset, French preferred
PLEASE NOTE: Applicants relying on education and experience equivalencies must demonstrate such equivalencies in their application. Candidates will not be considered for an interview if applications are incomplete or are missing information.
Hours of Work
Long assignment, part-time (30%) position; 22.5 hours biweekly
Beginning as soon as possible, for approximately one (1) year
Dates are approximate and are subject to change
Salary Information
$37.0492 - $43.3874 hourly
$44.9061 hourly with 25 years' RN experience
Once You've Applied
Thank you for your interest in this position. Only those applicants selected for an interview will be contacted. Some opportunities may be eligible for our Employee Referral Program. If a Nova Scotia Health employee refers a candidate who is not working for the organization and the candidate is hired, the employee who made the referral may be eligible to earn up to $1000. For more details and instructions, please visit please visit Recruitment - Incentives
This is a Nursing bargaining unit - NSNU position. Preference is given to bargaining unit employees for unionized positions. Employees are encouraged to view their seniority hours and dates in their SuccessFactors online profile. Successful applicants changing unions, bargaining units or employment status, are advised to seek clarification regarding their seniority, benefits, and vacation entitlement and/or usage, prior to accepting the position.
As per the COVID-19 Mandatory Vaccination Protocol in High-Risk Settings, Nova Scotia Health requires all team members to be fully vaccinated by November 30th, 2021.
Nova Scotia Health is committed to being a workforce that is free of discrimination, values diversity and is representative, at all job levels, of the people we serve. Our priority groups are Indigenous People, African Nova Scotians, People of Colour, Persons with Disabilities, 2SLGBTQIA+ and Immigrants. Members of these groups are welcome to apply and self-identify if they wish to be considered under our Employment Equity policy.
Follow Us!
https://www.facebook.com/NovaScotiaHealthAuthority/
https://www.instagram.com/novascotiahealthauthority
https://www.linkedin.com/company/nsha/
https://twitter.com/healthns
Job Types: Full-time, Part-time"
"On Call RN, Sexual Assault and Domestic Violence Program - Brantford, ON - Indeed.com","Exceptional Care–Exceptional People
By choosing to work at Brant Community Healthcare System (BCHS), you are joining an organization with more than 130 years of making a positive difference in the lives of the people we serve throughout our communities. We value Care, Accountability, Respect and Equity and we are working together to build a healthier community!
At BCHS, we are focused on delivering safe, high quality care and customer service every day. It is our exceptional people who make that happen – our people are the reason BCHS is such an awesome place to work! We recognize and reward our teams, support continuing education and provide ongoing opportunities for meaningful growth and development.
This is a great time to consider joining BCHS – come be part of our story!
Job Perks for Employees at BCHS:
Competitive Wages within a health care environment
Benefits for Regular Full-Time and pay in lieu of benefits for Part-time/Temporary staff
Defined Benefit Pension Plan – HOOPP
Centralized Education Fund
Wellness and recognition programs
Discounted parking available
POSITION SUMMARY
Effective September 7th, 2021 all applicants must provide proof of full vaccination against Covid-19 (in the form of watermark receipts from the provincial portal) or provide written proof of a medical or religious reason for not being fully vaccinated as per the provincial direction as set out by the CMOH Directive 6.
Reporting to the Clinical Manager of the Sexual Assault/Domestic Violence program the SADV Registered Nurse is responsible for providing comprehensive, evidenced based, safe, effective and ethical nursing care to all clients of the Sexual Assault & Domestic Violence Program.
EDUCATION REQUIREMENTS:
Graduate of an accredited college or university nursing program
Registered and in good standing with the College of Nurses of Ontario
Current Basic Cardiac Life Support (BCLS) certification
Sexual Assault Nurse Examiner training an asset
MANDATORY COMPETENCIES:
Exceptional interpersonal and written and oral communication skills
Demonstrated understanding and application of an anti-oppressive, person-centred models of care, including Indigenous and other culturally safe approaches.
Self-directed individual with the ability to work both independently and as a part of an inter-professional team
Demonstrated commitment to continuing education and personal development in nursing
Creative problem solver with demonstrated use of solution focused approaches
Demonstrates commitment to exceptional customer service with patients, families, staff, colleagues and community partners.
Demonstrated critical thinking skills
Able to provide care based on an intersectional feminist understanding of violence, which recognizes the embedded social, cultural and systemic balances within society that promote and maintain violence.
Ability to appropriately prioritize competing demands in a rapidly changing environment
Ability to establish positive and proactive work relationships with external partners
Experience with mentoring student learners and coaching colleagues
Demonstrated excellence in patient holistic nursing assessment and care planning
Reliable individual with excellent attendance record and able to work all shifts
PREFERRED:
Sexual Assault Nurse Examiner Training
Member of RNAO
Experience working with individuals who have experienced Sexual Assault and Domestic Violence clients
Experience working with marginalized populations using trauma informed and harm reduction principles.
Current experience performing speculum exams, vaginal and pelvic exams and venipuncture.
Current experience providing crisis counselling to victims of trauma.
Primary responsibilities also include:
Safety (patient, worker & workplace) is a BCHS Corporate Priority. The successful applicant will demonstrate good stewardship in the identification, reporting and mitigation of unsafe acts or conditions.
The Brant Community Healthcare System (BCHS) is an equal opportunity employer, committed to employment equity and diversity in the workplace. We welcome applications from women, members of racialized groups, visible minorities, Indigenous l persons, persons with disabilities, persons of all sexual orientation and persons of any gender identity or gender expression.
To ensure there is equal opportunity during the recruitment and selection process, BCHS provides accommodation for applicants with disabilities upon request
Job Type: Part-time
Salary: $33.90-$48.53 per hour
Additional pay:
Overtime pay
Benefits:
Company pension
Flexible schedule
On-site parking
Schedule:
On call
Education:
Bachelor's Degree (required)
Licence/Certification:
Registered Nurse (RN) License (required)"
"INFIRMIER OU INFIRMIÈRE CHEF D'ÉQUIPE - Shawinigan, QC - Indeed.com","La relation d’aide est un domaine qui te passionne et tu es reconnu pour ton leadership? Tu es orienté vers la clientèle, l’organisation, la planification ainsi que le travail d’équipe. Viens jouer un rôle indispensable chez nous en tant qu’infirmière!
﻿
Le CIUSSS MCQ est une grand famille de plus de 20 000 êtres humains uniques qui a pour mission de maintenir, d’améliorer ainsi que de restaurer la santé et le bien-être de la population.
L’infirmière assume la responsabilité d'un ensemble de soins infirmiers selon les besoins bio-psycho-sociaux des patients ou de groupes de personnes qui lui sont confiés.
De par son expertise clinique, l’infirmière sera appelée, en autre à :
Évaluer, intervenir et assurer le suivi de l’état de santé des usagers sous sa responsabilité;
Utiliser son autonomie professionnelle afin de déterminer et assurer la réalisation du plan de soins et de traitements;
Utiliser activement son leadership avec les autres intervenants et professionnels afin d’assurer la continuité des soins (participation active lors de rencontres multidisciplinaires);
Planifier, dispenser et évaluer l’enseignement aux patients et à leurs proches;
Initier les soins et traitements médicaux dans le but de maintenir la santé, de la rétablir et de prévenir la maladie;
Participe à la recherche visant la promotion de la santé et la prévention de la maladie.
Libelé:
Personne qui assume la responsabilité d’un ensemble de soins infirmiers en fonction des besoins biopsychosociaux d’usagers ou de groupes de personnes qui lui sont confiés. Elle évalue l’état de santé de l’usager, détermine et assure la réalisation du plan de soins et de traitements infirmiers. Elle prodigue les soins et traitements infirmiers et médicaux dans le but de maintenir la santé, de la rétablir et de prévenir la maladie. Elle planifie, dispense et évalue l’enseignement aux usagers, à leurs proches et à des groupes de personnes. De plus, elle participe à la recherche visant la promotion de la santé et la prévention de la maladie.
Infirmières, apportez votre couleur à notre CIUSSS!
On a de nouveaux incitatifs à vous offrir!
Plus de personnel à temps complet
Une semaine régulière de travail à 37,5 heures
Des incitatifs financiers variant entre 12 000 $ pour les nouveaux employés et retraités ainsi que 15 000 $ pour le personnel à temps complet déjà à l'emploi dans le réseau de la santé et des services sociaux
Un montant forfaitaire, de 200$ à 400 $ selon la région, pour chaque quart de travail additionnel au poste les jours de fin de semaine de congé
Un montant forfaitaire de 2 000 $ pour un changement de quart pour la personne salariée de jour qui s’engage à travailler à temps complet de soir ou de nuit durant 4 semaines consécutives
Exigences :
Ce que tu dois avoir:
Doit être membre de l’Ordre des infirmières et infirmiers du Québec;
Infirmière technicienne : doit détenir un diplôme d’études collégiales (DEC) en soins infirmiers;
Infirmière clinicienne : doit détenir un baccalauréat en sciences infirmières ;
Avoir une facilité à communiquer;
Avoir une bonne écoute;
Avoir une bonne résistance au stress;
Avoir une vision interdisciplinaire des soins et des services aux résidents.
Conditions de travail:
Un poste équipe volante à la hauteur de ta disponibilité;
Salaire compétitif;
Régime d’assurances collectives;
Régime de retraite;
4 semaines de vacances par année, après 1 an;
Programme d’aide aux employés (PAE);
Entreprise en santé.
Doit être vacciné adéquatement contre la COVID-19"
"INFIRMIER OU INFIRMIÈRE - GERIATRIE - SUD - SOIR (8QUINZAINE) - Terrebonne, QC - Indeed.com","Personne qui assume la responsabilité d'un ensemble de soins infirmiers en fonction des besoins bio-psycho-sociaux d’usagers ou de groupes de personnes qui lui sont confiés. Elle évalue l'état de santé de l'usager, détermine et assure la réalisation du plan de soins et de traitements infirmiers. Elle prodigue les soins et traitements infirmiers et médicaux dans le but de maintenir la santé, de la rétablir et de prévenir la maladie.
Elle planifie, dispense et évalue l'enseignement aux usagers, à leurs proches et à des groupes de personnes. De plus, elle participe à la recherche visant la promotion de la santé et la prévention de la maladie.
Exigences :
Doit être membre de l’Ordre des Infirmières et Infirmiers du Québec (O.I.I.Q.).
Remarques :
Nous remercions toutes les personnes qui poseront leur candidature, mais nous communiquerons qu’avec celles retenues pour un processus de sélection.
Le CISSS de Lanaudière applique un programme d'accès à l'égalité en emploi et invite les Autochtones, les minorités visibles, les minorités ethniques, les femmes et les personnes handicapées à présenter leur candidature. Les personnes handicapées peuvent également nous faire part de leurs besoins particuliers relativement au processus de sélection pour l'emploi sollicité afin de faciliter l'étude de leur candidature.
Si vous postulez d'un appareil mobile (téléphone intelligent, tablette), vous recevrez un courriel d'accusé réception vous demandant d'aller mettre à jour votre dossier et déposer votre CV afin que votre candidature soit prise en considération."
"Registered Nurse (RN) - COVID-19 Testing - Victoria, BC - Indeed.com","Job Reference ID: 11081121
Interested in COVID-19 testing on asymptomatic individuals? Can you work on evening and weekends up through the Christmas holidays and beyond? If this sounds like you, we encourage you to apply for this current opportunity we have available.
Ultima/TMVC is currently looking for nurses to conduct COVID-19 testing for travel and occupational health reasons. This is a Part-Time contract requiring the right person to work between 4-12 hours a week or more if required.
Travel Medicine & Vaccination Centre (TVMC) is a privately owned and operated company with 16 locations in BC. We have been providing our customers with travel health consultations, vaccinations, and other related medical services for over 25 years. We pride ourselves on offering the best customer service and medical expertise possible.
Key Responsibilities:
Administer COVID-19 nasal swabs as a screening tool for clients
Entering results into EMR program
Run antigen samples using the PanBio(tm) Abbott testing kit
Perform confirmatory PCR Nasopharyngeal tests
The ideal person:
Available evenings and on weekends
Has COVID-19 PCR and/or Antigen testing experience (Abbot PanBio)
Organized & professional
Has excellent verbal communication skills
Compassionate with good people skills
Strong team player
Critical thinker
Skills & Qualifications:
Current RN or LPN License
Valid CPR certification
Contract length
: 4 months
Start date
: As soon as possible
Job Type
: Part-time, Contract
Part-time hours
: 4-12 hours a week
Location
: TMVC Clinic Victoria
Salary Range
: $45.00 per hour
Contract length: 3 months
Job Types: Part-time, Contract
Salary: $45.00 per hour
Schedule:
Weekend availability
COVID-19 considerations:
All staff are required to be double vaccinated and if having any flu-like symptoms to stay at home. Clients and suppliers are required to wear face masks and practice social distance where possible when entering TMVC clinics.
Education:
Bachelor's Degree (preferred)
Work remotely:
No"
"Registered Nurse, Palliative Care and Complex Continuing Care, Full Time Temporary (until approx. October 2022) - Markham Site - Markham, ON - Indeed.com","Land Acknowledgement:
Oak Valley Health honours the traditional territory of the closest Indigenous communities, the Chippewas (chi-puh-waas) of Georgina Island and the Mississaugas of Scugog Island. The Haudenosaunee (Ho-de-no-shau-nee) and Anishinaabe (Ah-nish-in-ah-beh) have lived, worked and existed on this land from time immemorial. This land is covered by Treaty 13 signed with the Mississaugas of the Credit, and the Williams Treaty signed with many Mississauga and Chippewa bands.
COVID Statement
As a result of the COVID-19 pandemic and the need to strengthen and promote health protection to patients, staff and members of the public attending in the hospital, prior to the first day of employment with the Hospital, all successful candidates are required to provide proof of COVID-19 vaccination (full vaccination is required). In order to provide you with fair & equitable accommodation, you must submit supporting medical exemption documentation or an affidavit detailing why your religion prohibits you from receiving the COVID-19 vaccine.
Who you are:
You encompass Oak Valley Health’s core values and live the words of Respect, Trust, Commitment, Compassion and Courage
You are a patient and/or client centered individual who performs at an exemplary standard
You are a team player with excellent communication, critical thinking and prioritization skills
What we are looking for:
As a member of the interprofessional team, the Registered Nurse, Palliative and Complex Continuing Care, will work closely with the team in providing care to a complex medical, and palliative patient population. The RN will practice in an environment where our focus is patient/family centered care, customer satisfaction and ongoing professional development.
What you bring to the role:
Current Certificate of Registration with the College of Nurses as an RN
Current BCLS certification
Minimum of 2 – 3 years related experience in a medical/surgical environment with evidence of well developed clinical skills.
Recent experience in Oncology and Palliative Care
Palliative Care courses preferred
Excellent physical assessment skills; completion of a physical assessment course will be considered a strong asset
Experience in IV Therapy and central lines is an asset
Proficient computer skills
Demonstrated commitment to a patient/family centred care environment
Demonstrated excellent critical thinking and problem solving skills
Demonstrated ability to work effectively within an interprofessional team as well as independently
Well developed organization, communication, interpersonal and teaching skills
Evidence of ongoing professional development, continuing education and leadership experience
Demonstrated good attendance and performance records with the ability to maintain these same standards
Demonstrated commitment to a healthy and safe workplace for self and others (staff, patients, families, etc.) by taking all reasonable precautions and working in compliance with organization related policies, health and safety legislation and best practices and completing relevant mandatory education as required
Work Schedule:
The successful candidate will work a variety of shifts including weekends and holidays. Please note schedules may change due to operational needs of the department.
Compensation:
Band J: $33.93 - $47.73
Who we are:
Oak Valley Health is one of Ontario’s leading community healthcare organizations. Across our two sites (Markham and Uxbridge) and Reactivation Care Centre (RCC), we provide high quality, patient-centred care to more than 435,000 patients each year. We offer diagnostic and emergency services and deliver clinical programs in acute care medicine and surgery, addictions and mental health, and childbirth and children’s services. We are also proud to be part of the Eastern York Region North Durham Ontario Health Team (OHT).
Our 526 physicians, 28 midwives, 2,400 staff and 1,000 volunteers serve patients and families with an honoured to care mindset and are focused on delivering an extraordinary patient experience to the residents of Markham, Whitchurch-Stouffville, Uxbridge and beyond. We are dedicated to providing access to the right care, at the right time, in the right place by the right people and at the right cost. Are you ready to join us?
Oak Valley Health Diversity Statement
Oak Valley Health takes pride in serving some of Canada’s most diverse communities. We are committed to fostering an environment of equity and inclusivity where every person can work and receive care safely, openly and honestly. All qualified applicants will receive consideration for employment without regard to race, colour, religion, gender, gender identity or expression, sexual orientation, nation of origin, genetics, disability, age, veteran status, marital or family status, belief system, or other factors related to one’s personal identity and/or values. Furthermore, Oak Valley Health is committed to meeting the needs of all individuals in accordance with the Accessibility for Ontarians with Disabilities Act (AODA) and the Ontario Human Rights Code. Should you require accommodations during the recruitment and selection process, please contact Human Resources.
Learn more about our Honoured to care culture:
https://youtu.be/PV2TybgOqvA
Required Skills
Required Experience"
"Infirmiers de vol occasionnels/ de garde (St-Honoré) - Saint-honore-de-chicoutimi, QC - Indeed.com","Joignez-vous à notre équipe de héros, devenez
INFIRMIER DE VOL, OCCASIONNEL
Travailler chez Airmedic est synonyme de passion et d’engagement. Nous croyons à la force de l’équipe et à la diversité des compétences. À cet effet, nous sommes à la recherche d’Infirmiers de vol occasionnel pour supporter la croissance de notre entreprise et s’engager avec nous à préserver et sauver des vies.
POURQUOI AIRMEDIC ?
Outre nos équipes de professionnels engagés, notre flotte d’aéronefs et nos appareils médicaux à la fine pointe de la technologie, mais également la création de notre propre créneau et d’idées novatrices au sein d’une industrie en développement au Québec, nous offrons :
Horaire de travail flexible : L'employé doit être en mesure d'offrir un certain nombre de disponibilités par mois, durant ces périodes il devra être à une distance de moins de trente minutes de la base de Saint-Honoré (Chicoutimi). Les possibilités d'horaire sont les suivantes :
o 8 disponibilités de 12 heures par mois.
o 4 disponibilités de 24 heures par mois.
Un stationnement gratuit sur place ;
Un environnement de travail à la fine pointe de la technologie.
QUE FEREZ-VOUS ?
Sous la responsabilité du Directeur des services cliniques, l'infirmier de vol planifie, organise et dirige les activités aéromédicales sous son affectation et en collaboration avec ses confrères et l'équipe de pilotage. De plus, il/elle collabore avec différents corps de métier médicaux et aériens dans le cadre des opérations d’évacuation aéromédicale préhospitalières auxquelles il/elle est affecté(e).
Plus précisément, vous devrez :
Prodiguer des actes infirmiers autorisés aux patients, tout au long du vol ;
Évaluer l’état de santé, prodiguer les soins médicaux requis selon la condition du bénéficiaire et appliquer les protocoles établis ;
Compléter les documents pertinents selon la mission (état du bénéficiaire avant/pendant/après le vol) ;
Recevoir, lors de la prise en charge du patient, si applicable, le rapport médical d’un autre professionnel de la santé et transmettre son propre rapport au professionnel de la santé à la destination ;
Travailler en collaboration avec les autres membres de l’équipe, lors des missions et lors des périodes d’attente ;
Travailler en étroite collaboration avec différents corps de métier et services d’urgences.
QUI ÊTES-VOUS ?
Vos compétences les plus importantes sont les suivantes :
Éthique professionnelle et rigueur ;
Souci de la qualité et de la sécurité ;
Capacité d’adaptation ;
Bonne gestion du stress ;
Connaissance de différents outils informatiques d’usage courant.
Votre parcours professionnel se démarque par les éléments suivants :
Membre en règle de l'OIIQ;
DEC ou Baccalauréat en sciences infirmières
Minimum de 3 ans dans la profession d’infirmière, incluant les champs de pratiques suivants :
urgence et/ou soins critiques.
DES QUESTIONS ?
ENVIE DE FAIRE PARTIE DE NOTRE AVENTURE ?
Veuillez envoyer votre curriculum vitae par courriel!
Au plaisir de faire votre connaissance !
Le masculin est utilisé dans l’unique but d’alléger le texte.
Numéro de référence : 2021_49
Type d'emploi : Temps Partiel, Occasionnel
Télétravail:
Non"
