Title,Description
"Machine Learning Tools Developer - Ottawa, ON - Indeed.com","Location: Ottawa, with the option to be remote within Canada.
At BluWave-ai our mission is to deliver innovative AI solutions to accelerate the transformation towards renewable energy. We apply AI software to increase the use of clean energy in smart grids and microgrids with distributed energy resources and demand response. We are also driving the transition to electrification of transportation as the grid becomes the local gas station.
We are looking for talented people with entrepreneurial drive to seize on the ground floor opportunities, grow their careers, and make a positive impact for the environment.
We invite you to read our story on our About Us page, our products pages, and we'll shared some info about our technology stack when we meet!
Who you are
You love wrangling data to create performant streaming data that feeds Machine Learning models
You enjoy straddling the worlds of Data Science and Developer, and when reviewing a Jupyter Notebook you find yourself drawn more to how to efficiently implement the solution space for product (even though the research is amazing)
You love building tools for yourself to make working with Machine Learning solutions in production easier to troubleshoot
You love to keep on top of the latest and greatest in technology, and are able to be opinionated on which are winners, and which are hype
You’re a strong believer in Continuous integration, and the DevOps mindset
You think it is critical to understand of how your software runs on infrastructure in detail, and are experienced in how it should be designed
You like working in teams, mentoring, and sharing neat things you come across enjoy
Your Responsibilities
Design, develop, and support production grade streaming Machine Learning pipelines and solutions, including the areas of fast and efficient data processing, fault-tolerance, scalability
Work closely with a Data Science team focused on the research aspects, and comprehend, design, and implement the path to product
Drive the surrounding Machine Learning technology eco-system to support our product and workflows
Work closely with product management, QA, and Support to build and support product
Analyze, scope, review, and estimate development activities
Be the subject matter expert of your ownership areas of the product
Participate in evolving the team’s processes so we’re efficient, and loving what we do
Your Knowledge, Experience, and Skills
Required:
2 years experience with building efficient and scalable data pipelines feeding Machine Learning models (including efficient and scalable preprocessing, training path, inference path, graceful degredation, dirty data mitigation)
2 years of experience with scalable data processing technologies (i.e. Spark, Flink, Apache Beam)
3 years of experience developing advanced Python using Object Oriented techniques, Modules (i.e. more than scripting)
Experience with the Machine Learning Life-Cycle (i.e. scoping, data review, data processing, feature extraction, model development, testing, troubleshooting, performance monitoring)
Experience with Tensorflow, or equivalents
Multiple releases of your code deployed live and having to support it with customers at arms length
Experience developing streaming data analytics including the storage and access challenges at scale and in production
Clear verbal and written communication and the ability collaborate effectively in a geographically dispersed working environment
Considered an asset:
Experience with Data Lake design, implementation, and life-cycle combining multiple disseparate types of data
Advanced experience with the whole life-cycle of Python dependency management strategy across multiple repositories
Experience with at least once IaaS provider
Experience with the Power Systems domain and the software that manages it
What you will gain
Knowledge, skills, and professional networking in one of the most exciting and positively impactful technology domains that is an intersection of machine learning, data science, electrical engineering, and software
Startup experience and ground floor opportunities for growth in a team that includes PhD Smart Grid Engineers, Data Scientists, recent grads, and seasoned business professionals
Competitive compensation
High quality of life and career in Canada's National Capital Region
Working on a team with a serious approach towards our work, rather than ourselves, together with fun and random team events such as Ice Cream Fridays and Cosmological Lunches. You will get the opportunity to come up with one
Diversity makes us stronger. BluWave-ai provides equal employment opportunities to all employees and applicants without regard to race, color, religion, sex, gender, nation origin, disability, or any other characteristic protected by applicable laws, regulations, or ordinances.
Authorization to work in Canada will be required for this position.
saKEt8rU9V"
Senior Machine Learning/ Data Scientist at Upwork.com - Remote - Indeed.com,"Senior Machine Learning/ Data Scientist at Upwork.com
Apply via Indeed or https://www.upwork.com/careers/job-post/
+91-XXXXXXXXXX
.
Upwork ($UPWK) is the leading tech solution for companies looking to hire the best talent, maintain flexibility, and get more done. We're passionate about our mission to create economic opportunities so people have better lives. Every year, more than $2 billion of work is done through Upwork by skilled professionals who want the freedom of working anytime, anywhere. Top companies connecting with extraordinary talent around the globe? Upwork is how.
The ideal candidate will have experience building machine learning solutions at scale to deliver meaningful business impact. You care deeply about helping our users succeed and are excited to tackle technical challenges. You will be part of a diverse and passionate team based around the world in fields from computer science and electrical engineering to economics and statistics.
What will you do?
Build advanced machine learning models with a direct impact on Upwork users’ experience.
Improve Upwork’s search and recommendation relevance using Deep
Learning, NLP, Learning to Rank methods.
Collaborate closely with data scientists, engineers, designers and product managers to build products end-to-end on key initiatives.
Required Skills:
Strong problem-solving skills with an emphasis on product development.
Deep knowledge of machine learning, neural networks, recommender systems, natural language processing or related fields.
Industry experience delivering and maintaining production models at scale using Spark, Python, SQL, Scala, Tensorflow (or similar alternative).
Excellent English skills - verbal and written communication.
More about the job:
Full-time (40 hrs/week). Flexible, fully remote working hours with a required overlap for communication with a team in California (9am to 12 pm PST).
Job Type: Full-time
Pay: $100,000.00-$200,000.00 per year
Benefits:
Casual dress
Extended health care
Flexible schedule
Wellness program
Work from home
Schedule:
Monday to Friday
Experience:
Machine Learning: 1 year (preferred)
Work remotely:
Yes"
"Machine Learning, Research Scientist - Remote - Indeed.com","From the latest in Edge AI platforms to cloud-ready solutions,
Paravision
powers computer vision-centric solutions that deliver breakthrough capabilities in the most challenging conditions. We’re the top-ranked face recognition provider from the U.S., UK, and EU, delivering world-class capability with an ethical and customer-centric approach. In alignment with our company values, we hire people who are collaborative with a growth mindset, intellectually strong and curious, and energy accretive.
Our business is growing rapidly, and we seek a highly motivated
Machine Learning, Research Scientist
to join our world-class distributed technical team. This role will report directly to our Director of Machine Learning, and be an accelerant for the rapid growth
Paravision
is experiencing.
What You'll Do:
Design and code highly scalable, machine learning applications processing large volumes of image and video data.
Develop and implement state of the art algorithms for face detection, face recognition, face clustering and liveness.
Measure progress against industry standard benchmarks such as WiderFace, COCO, NIST-FRVT.
Collaborate with others in crafting and implementing your technical vision.
Follow agile processes with a focus on delivering production-ready testable code in small iterations.
Participate in the entire development lifecycle, from concept to release.
Participate in all phases of quality assurance and defect resolution.
What You Bring:
PhD in Computer Science or related field with research in machine learning.
3+ years of experience building machine learning or AI systems.
OR MSc in Computer Science or related field and 10 years software engineering experience in a related advanced technology environment.
Expert skills with machine learning software packages (e.g., PyTorch, MXNet, Caffe, scikit-learn, TensorFlow).
Deep understanding of mathematical foundations of Machine Learning algorithms.
Experience working with large datasets.
What You Have:
Excellent problem-solving, analytical and interpersonal skills.
Ability to work autonomously and willingness to roll up one’s sleeves to get the job done.
Polished communication style, both oral and written, and a comfort interfacing with various levels across the organization, with both technical and non-technical audiences.
Ability to manage multiple, competing priorities simultaneously.
A true passion for technology and thoughtful delivery of next-generation capabilities.
Bonus to Have:
Solid knowledge in state-of-art deep learning models and optimization methods.
Experience working with different types of Generative Adversarial Networks (Style, Cycle, etc.).
Experience working with one of the major cloud services: AWS, GCP or Azure.
Prior computer vision or image processing experience.
Ability to independently conduct literature survey, find cutting edge heuristics or algorithms, and implement them in an engineering environment.
Experience with building Operations Research/Machine Learning algorithms and productionizing them at scale in a distributed computation environment.
Publication in peer-reviewed journals or conferences is a plus.
What You'll Get:
Competitive salary with meaningful equity compensation and excellent benefits.
The opportunity to work with a group of highly talented and equally nice people while making a huge impact.
Work-life flexibility - we value your contributions above all.
A professional environment with a focus on teamwork.
Paravision
is focused on building a diverse and inclusive workforce, and we believe the more inclusive we are, the better our company will be. We are proud to be an Equal Opportunity Employer and consider applicants for employment without regard to race, religion, gender identity or expression, sexual orientation, national origin, age, or marital, veteran, or disability status, or other applicable legally protected characteristics.
We consider for employment all qualified applicants in accordance with the San Francisco Fair Chance Ordinance.
If you’re excited about this role, but do not meet 100% of the qualifications listed above, we encourage you to apply. If you require assistance or accommodation during the recruitment process due to a disability, please let us know."
"Machine Learning - CO-OP Opportunity - Chatham-Kent, ON - Indeed.com","We are interested in supply and demand forecasting using time-series data. Demand is the number of words and the number of orders. By considering the average price per word, we can then forecast revenue. Supply consists of the number of editors available to work on orders. Scribendi has time-series data on sales from 2005 onward, which depend on variables such as time, service price, and marketing expenses. Supply is dependent on variables such as the number of editors on roster, holidays, and the time of the day. This problem can be treated as a multivariable, multistep time-series forecasting problem. We are also interested in predicting the overall number of orders at risk of being late, which will depend on the relationship between supply and demand.
Our team style:
We are a small team of developers working at a profitable and rapidly growing company
We strive to be innovative and fast-moving and are passionate about getting things done right
We work collaboratively to grow and learn together
We are not afraid of difficult problems, but carefully choose what we spend time on
What you will do:
Collaborate with IT and software development engineers
Research, design, implement, and validate cutting-edge algorithms to analyze diverse sources of data to achieve targeted outcomes
Perform data studies of new and diverse data sources
Conduct modeling and experimental design
Test and validate predictive models
Implement new or enhanced software designed to access and handle data more efficiently
Who you are:
Experience with one or more general-purpose programming languages, including but not limited to:
Java
Lua
Python
Experience with:
Torch
Tensorflow
Pytorch
Theano
Ability to write clear, concise, well-structured, and well-organized code
Strong oral and written communication skills
Why you want to work here:
Enjoy a dynamic corporate culture founded on flexibility and continuous learning
Career development opportunities
An opportunity to use the latest tools and technologies for an online world (Stripe, Slack, Active Collab, etc.)
Employment type:
Full-time
Please apply to scribendi.hr@scribendi.com with a cover letter detailing your experience and passion for working with artificial intelligence, along with your resume and salary expectations."
"Machine Learning Engineer - Metro Vancouver Regional District, BC - Indeed.com","About us
Sunia Technology Inc. (Vancouver) is the research arm of Sunia Electronics Technology Limited, an industry leading technology company specialized in handwriting, hand-drawing technologies on mobile and portable devices, and providing remoting solutions in the cloud. Headquartered in Hong Kong, China, our newly established Sunia Vancouver R&D Center is actively looking for passionate and self-motivated Machine Learning Engineers to join our team.
Responsibilities:
Comprehensive research on the state-of-the-art algorithms on Computer Vision, Image Processing, OCR and NLP. Compare all the candidates or propose new algorithm that could improve and enhance our current products or create proposals for new products.
Design and implement deep learning architectures that learn efficient generalizable representations for several tasks including classification, regression, segmentation and object detection.
Deploy ML algorithms in conjunction with other members of the Software Team in the real applications.
Requirements
:
Bachelor, Master or PhD degrees in Computer Science, Electrical Engineering or equivalent.
Experience developing Computer Vision, Image Processing, OCR, or NLP algorithms.
Experience developing Deep Learning Models for Computer Vision, OCR, NLP tasks.
Experience Implementing deep learning architectures such as CNN, R-CNN, Single Shot Detector, ResNet, etc.
Good working knowledge of one or more Machine Learning Frameworks (TensorFlow, PyTorch Keras, Caffe, MXNet, etc.)
Experience wtih C++, Python, or other programming languages.
First class analytical, diagnostic and problem solving skills.
Excellent verbal and written communication skills with an ability to collaborate with other team members.
Passion to work in an exciting environment and deliver new technologies and products to the marketplace.
Ability to learn quickly.
A positive mental attitude and growth mindset.
Please advise in your application whether you are eligible to work in Canada.
Perks and Benefits:
Remote work available
Competitive salary with full benefits and vacation package
Professional and positive teamwork environment
If you feel like you are a good fit for this position, please apply with your resume. Due to the volume of applicants, we will only be contacting qualified candidates.
Reference ID: MachineLearning
Job Types: Full-time, Permanent
Schedule:
Monday to Friday
Work remotely:
Temporarily due to COVID-19"
"Machine Learning Research Intern, AI@Unity - Vancouver, BC - Indeed.com","The opportunity
Using our industry-leading game engine, we are crafting a whole new line of products and services centered around running massively scaled simulations in the cloud. This will impact multiple industries like Robotics and Autonomous Vehicles, and contribute to the advancement of artificial intelligence!
We are looking for outstanding interns to join the visual Machine Learning team, under AI@Unity. We're looking for interns who are ambitious, adaptable and enjoy challenging the status quo!
What you'll be doing
Contribute to innovative methods to generate visual content for environments made with unity
Implement computer vision models trained on synthetic data to tackle common perception problems
Contribute to a project applying innovative machine learning methods to a practical use case
What we're looking for
Programming experience in one of the following languages: Python, C#, C++, or Java
Currently enrolled in a Canadian University; preferably, pursuing graduate studies in a Masters or PhD program
Experience in: TensorFlow or PyTorch
You might also have
Academic or professional experience in Machine Learning, Deep Learning, and Computer Vision
Experience with contributing to open-source projects
Experience with Unity Engine, 3D simulators, and game development
This internship will take place during the Summer of 2022
Life at Unity
Unity (NYSE: U) is the world's leading platform for creating and operating real-time 3D (RT3D) content. Creators, ranging from game developers to artists, architects, automotive designers, filmmakers, and others, use Unity to make their imaginations come to life. Unity's platform provides a comprehensive set of software solutions to create, run and monetize interactive, real-time 2D and 3D content for mobile phones, tablets, PCs, consoles, and augmented and virtual reality devices.
Unity is at the forefront of development by working alongside partners to ensure optimized support for the latest releases and platforms. Apps developed by Unity creators were downloaded more than five billion times per month in 2020. For more information, please visit www.unity.com.
Unity is an equal opportunity employer committed to fostering an inclusive, innovative environment with the best employees. Therefore, we provide employment opportunities without regard to age, race, color, ancestry, national origin, religion, disability, sex, gender identity or expression, sexual orientation, or any other protected status in accordance with applicable law. If there are preparations or accommodations we can make to help ensure you have a comfortable and positive interview experience, please let us know.
Headhunters and recruitment agencies may not submit resumes/CVs through this website or directly to managers. Unity does not accept unsolicited headhunter and agency resumes. Unity will not pay fees to any third-party agency or company that does not have a signed agreement with Unity.
#INT"
"The Bay - Data Scientist - Machine Learning & AI - Toronto, ON - Indeed.com","Location
TORONTO, Ontario, Canada
Category
Finance
Job Opened
November 29th, 2021
Education
Bachelor's Degree
Job Number
210007C7
Job Type
Full-Time
Remote
No
job description
Day in the Life:
We are looking for a curious, self-starting Data Scientist to join us on our journey to enable Advanced Analytics & ML across the organization. You will be working closely with a team of data engineers, other data scientists and Analysts to create data products that solve problems, drive growth and improve shopper experience. Our mission is to drive the ML/AI transformation and help build a dataco culture through collaboration and partnership across various business units from Logistics, buying to Finance and Digital.
This is a terrific opportunity to help transform the organization, leveraging machine learning and AI algorithms to drive business decisions. As part of this team, you will have opportunities to build your analytics skills, shape the next generation of ML/AI solutions and drive important business decisions working with new, cutting-edge technologies.
What You Will Do:
Lead the development of machine learning products and models from inception to production
Explore new data sources to uncover new business opportunities at all levels of the business (strategic to operational)
Identify areas for ML/AI opportunities and demonstrate to internal clients how ML/AI can improve their business
Work with and present to all management levels
Maintain and expand your knowledge of ML/AI and current technology through training opportunities, conferences, etc.
What You Will Need:
Advanced knowledge of ML approaches: deep learning, reinforcement learning, NLP, and others
Programming skills using SQL & Python
Hands-on experience and expertise with different AI/ML frameworks such as Keras, Pytorch, Tensor Flow, Scikit-Learn
Strong analytical skills and a proven ability to use data to drive insights
Excellent communication skills with capability to translate the complexity of your work to various audience
A strong team player and self-starter with a passion to learn new tools & technology
Nice to Have:
Experience with CI/CD pipelines and BI visualization tool
Experience with Dataiku, Snowflake, Tableau, Microstrategy
What You Can Expect:
Competitive salary and benefits package
Associate discount up to 40% including top brands
Flexible work environment that allows for work-life balance
About The Bay
As North America’s oldest startup and Canada’s purpose-driven digital marketplace, The Bay is on a high-growth mission to rewrite the rules of retail to help Canadians live a colourful life. If you believe in the power of our iconic brand and thrive on problem solving at scale, we want you to join our team.
At The Bay, smart, high-performing team members will challenge you to learn and grow every day. We value ambitious work and great ideas grounded in data and insights. We are looking for talented people who love a fast-paced environment, embrace change and are looking to make an impact with groundbreaking ideas.
We are building a digital-first company and brand for a diverse world and we need a diverse team to reach our potential. We strongly encourage applications from everyone to come and join a winning team that supports diverse thinking and demonstrates innovation, energy, creativity and vision every day.
Interested in Social Media?
Follow us on LinkedIn & Instagram
Thank you for your interest with HBC. We look forward to reviewing your application.
HBC provides equal employment opportunities (EEO) to all employees and applicants for employment without regard to race, color, religion, sex, national origin, age, disability or genetics. In addition to federal law requirements, HBC complies with applicable state and local laws governing non discrimination in employment in every location in which the company has facilities. This policy applies to all terms and conditions of employment, including recruiting, hiring, placement, promotion, termination, layoff, recall, transfer, leaves of absence,compensation and training.
HBC welcomes all applicants for this position. Should you be individually selected to participate in an assessment or selection process, accommodations are available upon request in relation to the materials or processes to be used."
"Machine Learning Engineer (All levels) - Toronto, ON - Indeed.com","About Us
Deep Genomics is a Toronto-based startup company that is building an AI-powered discovery and development platform to significantly expand the universe of medicines available for genetically defined diseases. Founded in 2015, Deep Genomics brings together a multidisciplinary team of world-leading experts in machine learning, genomics, chemistry, and biology. Together we are on a mission to rapidly discover and develop oligonucleotide drugs for the treatment of patients with severe disorders of the liver, central nervous system, and eye.
Ideal Candidate
Our predictive systems group brings together world-leading experts in biology, genomics, medicine, and machine learning. We are working on several ambitious projects to develop pioneering AI technology for understanding complex genetic diseases and enabling the discovery of novel targets as well as therapies. We are looking for an experienced machine learning engineer to lead the design and development of new models and pipelines and the infrastructure for scaling it up to the next level.
What You’ll Be Doing:
Working with our ML scientists to develop highly scalable models and algorithms for predicting molecular phenotypes using state-of-the-art neural network methodologies.
Developing evaluation, visualization, and productivity tools for streamlining machine learning research
Adapting our algorithms and architectures to best exploit modern cloud computing environments
Working with our software engineers, biologists and geneticists to operationalize and deploy research output to match the needs of stakeholders.
What You Bring:
Solid Engineering and Computer Science fundamentals, ideally with a degree in CS, Math, or equivalent experience.
Senior candidates should have experience in architecting, developing, and deploying large software systems in a leading position
Experience in building, testing, training, and deploying production-ready ML workflows.
Experience developing machine learning algorithms or machine learning infrastructure in Python or C/C++.
Experience with frameworks like PyTorch, Caffe2, Tensorflow, Keras, JAX, Chainer, etc.
Experience in the operationalization of Machine Learning projects (MLOps) using at least one of the popular frameworks or platforms (e.g. Kubeflow, AWS Sagemaker, Google AI Platform, Azure Machine Learning).
What we offer:
Leading role in developing the future of drug development to cure genetically defined diseases.
A highly competitive salary and meaningful equity compensation.
Exceptional opportunities for learning and growth.
A bright, collegial, highly motivated team working at the intersection of the most exciting areas of science and technology.
Deep Genomics thanks all applicants, however only those selected for an interview will be contacted.
Deep Genomics welcomes and encourages applications from people with disabilities. Accommodations are available on request for candidates taking part in all aspects of the selection process."
"Senior Machine Learning Engineer - Halifax, NS - Indeed.com","Talem Health Analytics was founded with the belief and commitment that providing insights into injuries sustained in motor vehicles accidents early in an insurance claim life cycle will not only benefit insurers but will ensure customer care is at the forefront.
Led by a group of passionate and dedicated individuals focused on building technology that helps insurers accelerate the claim lifecycle and redefines customer care by understanding injuries through the science of how people move, Talem Health Analytics is innovating the auto insurance claims management process by combining clinical expertise, forensic science and artificial intelligence into one platform.
Who We Are:
Talem Health Analytics is an AI-enabled injury analysis platform that helps auto insurers make early and accurate claim management decisions by providing accurate and actionable injury and recovery insights. By placing in-depth scientific injury analysis at the insurers’ fingertips from the start of a claim, adjusters can clearly understand injury likelihood, suitable treatment protocols, and recovery timeline to make data-informed decisions promoting an efficient claims cycle and better customer experience.
Job brief
We are looking for a Senior Machine Learning Engineer to help us create artificial intelligence products.
Machine Learning Engineer responsibilities include creating machine learning models and retraining systems. To do this job successfully, you need exceptional skills in statistics and programming. If you also know data science and software engineering, we’d like to meet you.
Your ultimate goal will be to shape and build efficient self-learning applications.
Responsibilities
Translate our business needs into correct machine learning problems
Select appropriate datasets and data representation methods
Design and implement machine learning systems
Research and implement appropriate ML algorithms and tools
Develop machine learning applications and deploy them into production
Perform statistical analysis and fine-tuning using test results
Communicate the results of the study and models to non-technical stakeholders
Keep abreast of developments in the field
Requirements
Proven experience as a Machine Learning Engineer or similar role for 5+ years, having deployed models in production.
Understanding of data structures, data modelling and software architecture
Deep knowledge of maths, probability, statistics and algorithms
Ability to write robust code in Python and R
Familiarity with machine learning frameworks (like Keras or PyTorch) and libraries (like sci-kit-learn)
Excellent communication skills
Ability to work in a team
Outstanding analytical and problem-solving skills
Masters in Computer Science, Mathematics or similar field; Or equivalent industry experience
Talem Health Analytics is an affirmative action, equal opportunity employer. Our commitment is to attract, hire and retain select applicants for employment solely based on their qualifications, emphasizing selecting the best-qualified person for the job. Talem Health Analytics does not discriminate against applicants based on race, colour, religion, sex, sexual orientation, national origin, disability, or any other status or condition protected by applicable law.
Expected start date: 2022-01-03
Job Types: Full-time, Permanent
Salary: $68,554.00-$142,062.00 per year
Additional pay:
Overtime pay
Benefits:
Casual dress
Company events
Extended health care
Flexible schedule
Stock options
Work from home
Schedule:
8 hour shift
Monday to Friday
Experience:
machine learning: 1 year (preferred)
Work remotely:
Yes"
"Graduate Research Intern (Machine Learning) - Toronto, ON - Indeed.com","About us
Deep Genomics is a Toronto-based startup company that is changing the future of medicine using artificial intelligence. Founded in 2015, Deep Genomics brings together a multidisciplinary team of world-leading experts in machine learning, genomics, chemistry and biology. Together we are on a mission to develop an AI-powered platform for rapid discovery and development of the best genetic medicines, focusing on oligonucleotide drugs for the treatment of patients with rare genetic diseases.
Job Description
We are seeking exceptional graduate students for an 8 to 12-month internship in 2021. Deep Genomics is poised to become the foremost AI-powered genetic medicine company by using data-driven approaches at every step of the drug design process. This involves a series of steps from processing raw genomic data, to training and evaluating large-scale machine learning models and applying them to accelerate target discovery and drug design. With the help of experimental data generated as part of our drug discovery process, our models continuously improve by learning from both successes and failures. Successful candidates will have an opportunity to contribute to the AI revolution in Genomics and help better understand and cure genetic disease by working closely with our research scientists and engineers on problems that are highly relevant to our mission.
Our ML team works on developing our state-of-the-art AI workbench and using it to answer critical scientific questions. Collaboration is at the heart of our teams, we often:
Meet with engineers and scientists with genomics, molecular biology, and medicine backgrounds to identify unique problems and brainstorm technical solutions
Present our analyses to a broad multi-lingual audience to ensure statistical robustness and reproducibility
Organize internal hackathons to quickly prototype solutions to problems
Requirements
Currently enrolled in a graduate program at a top-tier university in Computer Science, Electrical or Computer Engineering, Mathematics, or a related discipline.
Experience with designing, training, debugging and evaluating neural networks using modern frameworks such as Tensorflow or PyTorch.
Excellent scientific writing and presentation skills.
Programming experience in at least one of Python, C or C++
Strong organizational, interpersonal, and communication skills.
What we offer
Opportunity to collaborate with leading scientists working at the intersection of ML and genomics and contribute to this rapidly advancing field
Inspiring, creative and fast-moving startup located right next to the University of Toronto and within the MaRS Discovery District – an expanding hub of research in AI and genomics
Competitive compensation package
Deep Genomics thanks all applicants, however only those selected for an interview will be contacted.
Deep Genomics welcomes and encourages applications from people with disabilities. Accommodations are available on request for candidates taking part in all aspects of the selection process."
"Deep Learning Engineering Intern, Content and Technology - Summer 2022 - Canada - Indeed.com","We are looking for Deep Learning Interns for our Simulation Technology team! Do you have a passion for computer gaming, virtual reality, computer vision, and artificial intelligence?
Ever dream about inventing your own holodeck? Do you want to work on leading-edge problems alongside some of the best and brightest people in the world? NVIDIA has continuously reinvented itself over two decades. Our invention of the GPU in 1999 sparked the growth of the PC gaming market, redefined modern computer graphics, and revolutionized parallel computing. More recently, GPU deep learning ignited modern AI — the next era of computing. NVIDIA is a “learning machine” company that constantly evolves by adapting to new opportunities that are hard to solve, that only we can pursue, and that matter to the world. This is our life’s work, to amplify human creativity and intelligence.
What you will be doing:
Apply deep learning techniques to the simulation of virtual environments, developing methods to generate synthetic data for training neural networks to achieve results comparable to networks trained on real data
Work on improving realism for agents in synthetic environments – using reinforcement learning techniques to control behavior and animation of simulated characters, crowds, and vehicles
Conduct research into novel Deep Learning network architectures and techniques for achieving the above.
Perform additional development around related technologies as applied to games, VR and visual effects applications.
What we need to see:
Currently pursuing a PhD, MS, or BS in Computer Science or related field.
1+ year experience with C++/C, CUDA, DirectX, or OpenGL in addition to Python, PyTorch and TensorFlow.
Expertise in neural networks, computer graphics, simulation or game development.
Dedication to producing high quality and creative results
Ways to stand out from the crowd
:
You are a great communicator and self-motivated towards team goals
You welcome mentoring others around you
Sharp mathematics skills
NVIDIA is widely considered to be one of the technology world’s most desirable employers. We have some of the brightest people in the world working for us and, due to unprecedented growth, our elite engineering teams are rapidly growing. If you're a creative and autonomous engineer with a real passion for technology, we want to hear from you."
"Machine Learning Geoscientist - Vancouver, BC - Indeed.com","The Role
MinePortal from DataCloud is the groundbreaking cloud-based intelligent platform that powers geotechnical knowhow of the rock in the mining industry for operational intelligence. Our mission is to push the envelope in Artificial Intelligence (AI), Geophysical IoT sensors, Machine Learning (ML), Data Management, Signal Processing, and Grade Engineering, in order to provide the best-possible blast outcomes for our customers. We are looking for a Geology, Statistics, and ML Specialist to help build industry-leading modeling technologies that the world’s largest mines will adopt.
Key Responsibilities
Reporting to the VP Software, the Machine Learning Geoscientist role will include following broad responsibilities and any other assigned work from time to time

Apply domain expertise in the development and implementation of machine learning models within the hard rock and coal mining industry

Teach internal and client teams how to integrate machine learning software into existing workflows to optimize blast design, blasthole spacing, and other engineering applications

Study and transform data science prototypes for the geoscience specific data streams

Feature extraction and identification over large data sets to feed automated algorithm development

Apply knowledge in geology, geosciences, applied mathematics, and quantitative analysis to sensor solutions for challenges facing our sponsors.

Explore promising research and maintain/gain the technical edge required for projects. Share and develop new approaches and methods.

Design machine learning systems that can automatically recognize features, extract features, and create volume models out int and sparse data

Research and implement appropriate ML algorithms and tools for mining domain specific applications

Select appropriate datasets and data representation methods

Run machine learning tests and experiments

Perform statistical analysis and fine-tuning using test results

Train and retrain systems when necessary

Extend existing ML libraries and frameworks

Keep abreast of developments in the field

Contribute to analysis of algorithmic computational complexity and memory requirements.

Work with Hardware Engineers to specify and optimize sensor and IoT device design and configuration for multiple sensing use cases.

Interface closely with Application and UX Engineers to develop compelling analytical use cases to utilize ML outputs and insights.
Key Qualifications

Master’s degree in Geosciences, statistics, mathematics, applied physics, or a related field.

Comprehensive expert level knowledge of programming and experience in C, C++, Python, R, Golang, or similar language used in geo-stat, ML, and computer vision sciences.

Proficient verbal and written communication skills necessary to effectively collaborate in a team environment and present and explain technical information.

Experience in working in distributed teams in the research, development, and implementation of machine learning, spatial modeling, and geo-stat algorithms.

Takes initiative, independent worker

Ability to manage multiple concurrent major projects with different tactical and strategic objectives

Can effectively assume an array of roles as appropriate in various kinds of organizations. These may entail different responsibilities, forms of leadership, team work, and project management.

Experience leading in environments that are highly volatile, cross-functional, and cross-organizational
Work Hours & Location

Full time, Flexible working hours, 15 days/year vacation

Work from home office and DataCloud’s office in Vancouver

Some travel to Seattle, Palo Alto, and Client offices world wide
DataCloud is an Equal Opportunity Employer. Qualified applicants will receive consideration for employment without regard to race, color, religion, sex, age, disability, military status, or national origin or any other characteristic protected under applicable local law. The Candidate must be authorized to work in Canada.
About DataCloud
Founded in 2016, DataCloud delivers high-resolution rock mass characterization data to our clients in real-time. Our innovative measurement and analysis platform provides invaluable orebody insights during drill and blast operations. Our technologies help mine planning teams to dramatically improve their extraction efficiencies.
With our unique combination of skills in both mining and technology, DataCloud is helping to solve many of the problems that have challenged the mining industry for decades. Our founders come from institutions such as Stanford, UC-Berkeley and Cambridge, who have expertise in geosciences and cloud architecture.
Our portfolio of products and services span the latest in Geo-Statistics, Geo-Physics, and advanced digital and artificial intelligence technologies, including cloud computing, machine learning, advanced visualization, and new sensor technology enabled by IoT systems."
"Machine Learning Scientist (Can be Remote Within Canada) - Ottawa, ON - Indeed.com","At BluWave-ai our mission is to deliver innovative AI solutions to accelerate the transformation towards renewable energy. We apply AI software to increase the use of clean energy in smart grids and microgrids with distributed energy resources and demand response. We are also driving the transition to electrification of transportation as the grid becomes the local gas station.
We are looking for talented people with entrepreneurial drive to seize on the ground floor opportunities, grow their careers, and make a positive impact for the environment.
1. Who you are
A machine learning engineer, with professional experience or equivalent applied research, strongly motivated by building impactful and dependable products based on pragmatic and rigorous application of ML techniques.
You have the drive to learn, evaluate, and apply a range of data science and ML techniques. The applications are real-time smart grid control and optimization solutions in the context of best scalability, availability, and security principles.
You are a pragmatic innovator who thrives in a fast-paced, disciplined, and team-oriented environment where we strive individually while supporting, learning from, and building on each other's ideas and efforts to succeed as a team. You have strong verbal and written communication skills with the ability to distill complex technical concepts to the level that non-specialists can comprehend. You are effective at teamwork, and you enjoy mentoring.
2. What you are Responsible for
Analysis, design, and implementation of ML solutions to prediction and optimization tasks.
Develop statistical and machine learning solutions for analysis, data mining, and modeling of IOT data.
Develop resilient testing strategies to monitor model performance.
Prepare documents and presentations to inform and demonstrate.
3. Your Knowledge, Experience, and Skills
Required:
Experience as a ML scientist within a commercial environment, or equivalent academic research experience with pragmatic experimentation or industry collaborative projects.
Experience with cleaning, reshaping, exploring, and visualizing data in various formats.
Strong programming knowledge and skills in Python.
Familiarity with machine learning tools and platforms such as TensorFlow, Keras, etc.
Considered an asset:
Experience in developing ML techniques for time-series prediction: e.g. regression, support vector machines, and neural networks.
Familiarity with control and optimization of modern power and energy systems.
Educational Requirements:
MSc or PhD in Mathematics, Statistics, Computer Science, or related data-intensive fields. Exceptional Candidates with a Bachelor's degree with strong relevant solution delivery experience are encouraged to apply.
4. What You Will Gain
Motivation to serve to the greater cause of climate change mitigation.
Knowledge, skills, and professional networking in one of the most exciting and positively impactful technology domains on the intersection of electrical engineering, machine learning, optimization, and software development.
Startup experience and ground floor opportunities for growth in an inter-disciplinary team that includes PhD Smart Grid and Machine Learning Scientists, recent grads, and seasoned business professionals.
Competitive compensation.
High quality of life and career in Canada's National Capital Region or remote work.
Working on a team with a serious approach towards our work, rather than ourselves, together with fun and random team events.
5. General Information
Level:
All experience ranges are encouraged to apply
Position Type:
Full-time
Location:
Ottawa, ON (can be remote for exceptional candidates)
Department:
Applied Science
Position Reports to:
Vice President of Technology
Diversity makes us stronger. BluWave-ai provides equal employment opportunities to all employees and applicants without regard to race, color, religion, sex, gender, national origin, disability, or any other characteristic protected by applicable laws, regulations, or ordinances.
Authorization to work in Canada is required for this position."
Data Scientist (Machine Learning) - Quebec Province - Indeed.com,"Events in recent years have made us all too familiar with the havoc that natural disasters can wreak, and the increasing frequency and intensity with which they are occurring. Despite record levels of losses, conventional methods of risk modeling continue to paint at best an incomplete picture of these threats.
Zesty.ai uses novel data gathering and data science methods to produce higher quality information about the risks to property from catastrophes like floods and wildfires. While AI alone may not be able to thwart these disasters, it can help us become more prepared for them, and ultimately that will lead to better outcomes.
As a
Data Scientist
, you are comfortable and excited to work closely with the engineering team to build the best AI tech possible. You will develop top tier models from unique and diverse data sources to provide strong insights and maximize the impact of our company efforts. You thrive in a collaborative, creative environment that moves fast and are comfortable setting in place structures and processes to help the company scale.
The Opportunity:
Exploring data sets and developing new InsureTech models with data science (Machine learning, Deep learning).
Develop computer vision algorithms that extract insights from aerial imagery and geospatial data
Research and model aspects of the built environment utilizing satellite imagery, LiDAR and other datasets
Help develop training and cross-validation data sets for machine learning algorithms
Translate product management, engineering, and business constraints and queries into tractable data science questions
Iterate rapidly on everything; all of the above happens in a fast paced business driven environment that you must be comfortable with
What You Bring to the Zesty.ai Lab Team:
BA / BS degree in Math, Physics, Computer Science, and Economics
MS or Ph.D. is certainly a bonus
1 - 2 years of experience working with computer vision and building and testing computer vision systems
2 - 3 years experience deploying machine learning models in production environments
2 - 3 years experience working with deep learning / neural network models (using TensorFlow, PyTorch, Keras, Caffe)
Ability to develop new models based on physics and AI sciences
Strong organizational and management skills with past experiences implementing best practices and processes
Experience working with large image datasets (great if you've already worked with satellite imagery) and related tools OpenCV, Pillow, etc.)
Proficient in SQL
Experience working with cloud platforms (AWS, Google Cloud, etc)
Must be legally eligible to work in Canada
Why Zesty.ai Lab:
Be part of a well-funded growth-stage start-up
Market competitive comp and equity incentives to give you a stake in our future
Comprehensive health care plan
Flexible Time Off
An upbeat and collaborative work culture
Company-sponsored outings and offsites
All your information will be kept confidential according to EEO guidelines."
"Machine Learning Engineer - Toronto, ON - Indeed.com","Position title
Machine Learning Engineer (NLP) - Remote Canada
Description
Alexsei is a legal technology startup working towards transforming the legal services industry by building cutting edge AI-powered solutions. We are on a long term mission to build a truly autonomous lawyer. We are a team of software engineers and lawyers working hard to achieve our long-term mission of making the law more accessible; that is, easier to understand more quickly and affordably.
To serve our mission, we are advancing the state of the art in Natural Language Generation and Understanding. We are looking for a talented NLP Engineer, excited about our mission, to join our team. The candidate will be researching and building advanced intelligent components towards our artificial intelligence stack for a fully automated question answering system, and more.
The ideal candidate is excited to help guide the direction of our product and company. They will have a significant amount of ownership of critical technical components. Our team is growing rapidly and we hope you'll grow with us too!
Responsibilities
Working with a huge corpus of text data.
Work closely with senior ML engineers on the team.
Find, create, synthesize datasets for rapid prototyping.
Stay updated with the latest and greatest in the field of NLP, more specifically, information retrieval, dialogue systems, multi-step reasoning and conversational-ai
Foster a quantitative approach to problem solving. Lead by example.
Be passionate about leveraging technology and making the law accessible for all
Observe and overcome your own biases, and see what's possible.
Help advance the state of the art in NLP, think beyond what exists today.
Qualifications
Undergraduate degree in Computer Science or a similar field heavy on math, experimentation and programming. Preferably, a Masters degree with a focus in Natural Language Processing. PhD candidates are also welcome to apply.
Demonstrated experience in continuous self development in the field of NLP. Demonstrate self-learning by having completed relevant deep learning MOOCs, bootcamps, and capstone projects.
Minimum of 2 years of industry experience in natural language processing.
Experience with basic Python libraries such as Numpy, Pandas, NLTK, CoreNLP, spaCy, etc.
Experience using at least one of the open source tools like Tensorflow, PyTorch, Keras, etc.
Experience with REST APIs (using and building)
Legally authorized to work full-time (40 hours per week) in Canada.
Preferred Additional Qualifications:
Effective Communication Skills
An in-depth demo/presentation of your NLP research/projects
Demonstrated advanced abilities in mathematics and/or linguistics
Experience with Neural Networks, Information Retrieval, Question Answering, Multi-step Reasoning, Summarization
Experience with ElasticSearch, FAISS, AWS SageMaker
Job Benefits
Culture:
We are a dynamic team of engineers bringing together iterative NLP model development, high performance systems engineering and effective software development. Much of our work is highly experimental. We are not perfectionists, we move fast, and are not afraid to be on the learning curve. A willingness to learn and a can do attitude are must-haves to survive and thrive in this team.
As a startup we often have to find a balance between speed, quality and cost of development. This often requires us to think creatively and even invent what doesn’t exist. We are ambitious, we take risks, and we embrace failure in a judgment free but accountable environment.
We work in a trust-based, mission-driven, goal-oriented, fully-remote work environment. We enable each other, but also consciously protect our time to deliver high quality work, to help create a thriving innovation culture.
Benefits:
Competitive Stock Options
Competitive Pay
Unlimited vacation days
16"" MacBook Pro dedicated for work
Additional winter holidays (Dec 25 - Jan 1)
Flexible work hours and location. We’re cool with remote work! In-person office workspace can be made available in Toronto (if required), in accordance with City of Toronto Public Health guidelines.
1 day, every alternate week, dedicated to projects you’d like to innovate on within the context of the work the company is doing
Growing in to more senior roles, starting with hiring and training a co-op for your team and/or the project your team is leading
No red tape, no unnecessary processes, accelerated learning and growth.
Health benefits
Work for a fast growing AI startup and make an impact. We are building something legit and impactful, not just another app.
Hiring organization
Employment Type
Full-time
Beginning of employment
Immediate
Industry
Artificial Intelligence
Job Location
Toronto, Ontario, Canada
Remote work from: Canada
Date posted
October 19, 2021
Valid through
December 31, 2021"
