Title,Description
"Financial Analyst (Temporary/Rotation) - Tiverton, ON - Indeed.com","Posting Open: December 6, 2021
Posting Close: December 20, 2021
Are you looking for a meaningful career that makes a difference in your community and beyond? Are you an outdoors person who enjoys the benefits of small town living? At Bruce Power, we offer exciting careers that provide you the opportunity to have the small-town lifestyle. As part of our team, you will work in a Safety First environment supporting challenging and impactful nuclear projects like the Life Extension program. Ongoing training and development are part of every job, ensuring constant growth and skill-building potential.
We seek to enhance our team through the recruitment of an experienced, high potential individual to the role of temporary Financial Analyst for up to 24 months.
The successful candidate will be responsible for client and decision support, cost reporting, budgeting, variance analysis and business analytics, forecasting, business planning support. In addition, this role may be responsible for month end tasks including journal entries, reporting, forecasting, preparation of working papers, recording financial obligations and transactions in the financial system, and conducting financial reviews of critical business areas including business case analysis. This person must be able to demonstrate ability to work within strict deadlines, work independently and produce quality output in a rapid work environment.
Key Responsibilities
Provide support to the Finance department in carrying out the accountabilities in accordance with applicable legislation, programs, policies, procedures and agreements
Provide advice, guidance and general day to day financial system maintenance and user support to the finance team to carry out their financial functions efficiently
Maintain a professional awareness in relation to current accounting practice, IFRS/GAAP, and general business environment and the utility industry and be able to communicate impacts and implications throughout the business
Support management reporting requirements (e.g., internal financial statements, performance reports, Statistics Canada, other internal reports and ad-hoc reports) utilizing financial systems and other inputs.
Provide business reviews in critical areas such as overtime, contract management and outages.
Provide business case analyses in support of key purchase and investment decisions
Support client groups in the managing of their budgets & business plans
Conduct detailed analysis of financial information, systems and processes as required
Provide support for the financial and system audits
Maintain desktop procedures documentation current on system maintenance and support activities
Skills & Knowledge
Theoretical knowledge and relevant experience within the designated discipline is required
Demonstrated ability to achieve task results consistent with requirements for safety, quality, quantity, timeliness, and resource allowance
Able to demonstrate capability related to; analytical thinking & problem solving, work planning & organizing, and communication skills
Demonstrated motivation and commitment to achieving organizational goals and to continual improvement
Demonstrated ability to persuade and influence others, and to convey clear expectations and goals.
Demonstrated ability to work independently as well as part of a team and to lead others towards common goals
Requires knowledge of academic subjects of financial accounting practices, principles, and concepts; management accounting and control; audit, financial management including planning, budgeting and performance reporting, decision support systems, business economics, information systems and relevant computer skills
Requires good interpersonal skills and knowledge of communication techniques
Requires good communication skills, both oral and written, to facilitate effective communications with others
Requires a good understanding of the interrelationships and role of organizational units, interrelationships between work groups, external contractors and consultants involved, and the mechanics of resolving any controversial issues
Education and Experience
This knowledge is normally considered to be acquired through the successful completion of a four-year university education in a relevant discipline, or attainment of a professional accounting designation (i.e. CPA) or by having the equivalent level of education such as an MBA
A professional accounting designation (i.e. CPA) may be preferred depending on the location of the role
Requires experience in an Accounting or Financial environment to achieve a level of proficiency sufficient to understand all aspects of the Management Accounting & Planning or Corporate Financial functions
Requires some practical experience in the working with various line functions to understand aspects of work programs and projects directly or indirectly associated with financial operations
A period of over 4 years and up to 6 years is considered necessary to gain this experience
Selection Criteria
Skills, Knowledge, Education, and Experience review per the above qualifications
Transferable skills (for example: effective communication, drive for accountability and results, displaying good judgement)
Past performance record and suitability for this position
Competency based interview
Are you ready for a change?
Please attach a cover letter and resume, indicating your education and experience as it relates to the Financial Analyst opportunity. We look forward to receiving your application and will be in contact with you, should you be selected for an interview.
The successful candidate will be selected based on related and required education, experience, knowledge and skills, a competency-based interview and background reference checks.
Bruce Power continues to focus on preventative measures to protect employees and the public safe from COVID-19. As an organization who prides itself on Safety First, a condition of employment will be full COVID-19 vaccination (Health Canada Approved Vaccine).
We thank all candidates for their interest, however only those selected to move forward will be contacted.
In order to ensure you are given full consideration for this position, please ensure your candidate application is completely filled out and up to date. The information in the candidate application will be used in the selection process to assess candidacy for this position.
Bruce Power is proud to be an equal opportunity employer; valuing and respecting diversity. We encourage applications from qualified members of the four designated groups."
"Information Security Analyst - Toronto, ON - Indeed.com","The Bank Information Security Analyst function resides within the Business Information Security Officer (BISO) organization and is responsible for information security control enforcement, cyber security awareness, reporting and enablement for the Amex Bank of Canada. The Information Security Analyst will report to the Director, Bank Information Security Officer for the Amex Bank of Canada.
Key responsibilities include:
Work with enterprise information security functions to develop secure solutions for the Amex Bank of Canada.
Subject matter expert for information Security and interface with other risk management organizations within the Amex Bank of Canada.
Identify, scope, and help mitigate information and cyber security risks.
Assist with reporting of risk indicator metrics and demonstrate the effectiveness of the information and cyber security program to the senior management and bank leadership.
Consult on business & technology initiatives to ensure security requirements are integrated into the design.
Respond to audits and manage examination requirements in support of the BISO organization.
Operate as part of the extended Technology Risk and Information Security team in support of various security and compliance projects.
Actively contribute to the Amex Bank of Canada Information Security Risk Working Group and the management of the bank’s cyber security risk profile.
Required Work Experience, Education, Certification / Training:
Bachelor’s degree in computer science or a related field.
Possess relevant professional certifications (CISSP, CRISC, CISA, PCI, CISM or equivalent)
At least 3 years of work experience in Technology Risk and Information (Cyber) Security.
Technical background with hands-on experience across a variety of technologies.
Proficiency in information security, risk management, and audit policies, standards, and controls.
Knowledge of the Canadian Information Security laws and regulations.
Required Skills:
Experience working with Regulators and within complex regulated environments.
Broad understanding of information security disciplines with an emphasis on vulnerability management, data protection, infrastructure security, application security, identity and access management, incident management and data analytics.
Strong risk management skills and the ability to link threats to risk tolerance and control effectiveness.
Broad technical and business understanding of: security architecture; security engineering; threat management; vulnerability management; electronic discovery; computer and data breach incident management; data protection; forensics; 3rd party/vendor management; security monitoring; cryptography; cloud security; security operations and administration; access management; security policies and standards; security awareness; business continuity; disaster recovery; IT risk management and controls; web security; data security; network security; system security, technology operations and compliance.
Strong knowledge and experience in risk management and quantitative risk management techniques.
Knowledge of Information Security standards and regulatory requirements.
Excellent communication skills.
Highly self-motivated and directed.
Keen attention to detail.
American Express is committed to providing an inclusive and accessible work environment in which all people who apply for positions or who work for or on behalf of Amex are treated with dignity and respect and are provided with equal treatment with respect to employment, regardless of that person’s age, sex, sexual orientation, gender identity, gender expression, race, colour, ancestry, ethnic or national origin, citizenship, religion or creed, marital status, family status, pregnancy, disability, record of offences, social condition or origin, political beliefs, association or activity or other factors prohibited under applicable Human Rights legislation (the “Prohibited Grounds”). If you have a disability and need accommodation, please speak with the Recruiter for more information.
Offer of employment with American Express is conditioned upon the successful completion of a background verification check, subject to applicable laws and regulations."
"Resource Management Data Analyst - Toronto, ON - Indeed.com","Overview:
You’ve got big plans. We have opportunities to match, and we’re committed to empowering you to become a better you, no matter what you do.
When you join KPMG you’ll join our extensive network of industry leading consultants providing audit, tax, advisory and business enablement services. As a member of KPMG Canada’s cross-functional Cyber team, you will be dedicated to enabling our clients' cyber transformation journey through service delivery leadership, advisory, and support.
With the support to do things differently, grow personally and professionally and bring your whole self to work, there’s no limit to the impact you can make.
Overview of the opportunity:
As a Resource Management Data Analyst, you have a passion for excellence, driven to achieve your full potential and understand the value of building relationships with clients, future clients, their communities, the global firm and each other. You demonstrate a strong work ethic, thrive on challenges and dedicated to provide outstanding client service.
At KPMG we are a virtual first work environment; however, this role is required to be located in Toronto, ON. The team looks forward to representing KPMG and growing our practice locally through industry events and client meetings when safe to do so.
What you will do:
As the Resource Management Data Analyst, you will support the Resource Management Team and Partners with analyzing requirements to develop impactful recommendations and solutions.
Work closely with the Resource Management team in understanding key business issues.
Utilize advanced analytical technics to solve challenging business problems. Leverage a diverse set of technologies and tools to deliver insights.
Work with large volumes of data (structured and unstructured).
Run queries for descriptive analytics and provide formatted result sets.
Proactively contribute to the creation of presentation materials relating to data activities for stakeholder discussions.
Create and maintain interactive data visualization through data interpretation and analyses, integrating various reporting components from multiple data sources
Bridge the gap between technical platform needs and business issues.
Support and enhance of existing reports and dashboards based on evolving business needs
Assess the effectiveness and accuracy of new data sources and data wrangling techniques
Support ad-hoc analyses with decision-grade quality
Support the staffing and utilization efforts by developing reports for Resource Manager, and other leaders (e.g. Performance Managers, Engagement Mangers, Partners) to make staffing recommendations and decisions
Leveraging opportunities for staff development, e.g. growth in areas of key industries and hot market skills
At times, business needs arise and employees are required and agree to work beyond their normal work day or work week to fulfill the accountabilities required for their job. Likewise, people need time to devote to personal matters, and our approach to flexibility provides for this.
What you bring to this role:
Strong experience of 1-3 years, working with data from a variety of databases.
Independent ability to review the data quality and data definitions and perform data cleansing and data management tasks.
Strong knowledge and/or experience in the following: SQL, BI tools (like Tableau and PowerBI) and Alteryx.
Experience working in a multi-disciplinary team to tack unstructured data processing problems across a diverse range of industries.
Certificate or degree in Computing or IT, with a focus on Business Systems Analysis, Data Analysis and Reporting, or similar, is an asset.
Must have strong computer skills, particularly with MS Excel and PowerPoint Skills (e.g. data entry and manipulation, downloading of reports, and developing/running of macros);
Keys to your success
:
Ability to explain data and analytics concepts to non-technical team members.
Ability to apply data and analytics concepts to business problems.
Ability to understand and explain business value of data and analytics concepts
Strong relationship-building skills to interact with clients, colleagues, and the wider community.
Ability to provide crucial consultation, analysis, and recommendations on a broad range of projects in a deadline drive environment with ambiguity.
Effectively work as part of a project team, and communicate findings of analysis, key implications, and recommendations in written and verbal formats.
Our Values, The KPMG Way:
Integrity
, we do what is right |
Excellence
, we never stop learning and improving |
Courage
, we think and act boldly |
Together
, we respect each other and draw strength from our differences |
For Better
, we do what matters
KPMG is committed to the health and safety of our people, clients and communities. With this commitment in mind, KPMG complies with all public health mandates (provincially and/or federally, as applicable) and has implemented various safety measures, including a COVID-19 Vaccination Policy. KPMG's COVID 19 Vaccination Policy requires all employees to be fully vaccinated if they wish to or are required to attend a KPMG office and/or other congregate settings in the course of their duties (such as client sites or third-party venues).
As this role requires occasional or consistent attendance at a KPMG office and/or congregate setting, the successful candidate must be fully vaccinated (i.e. have received all doses that are recommended by Health Canada, including any boosters) and must provide KPMG with proof of vaccination. KPMG will provide reasonable accommodation if the successful candidate cannot be vaccinated due to grounds protected by human rights legislation in their province of employment.
KPMG in Canada is a proud equal opportunities employer and we are committed to creating a respectful, inclusive and barrier-free workplace that allows all of our people to reach their full potential. A diverse workforce is key to our success and we believe in bringing your whole self to work. We welcome all qualified candidates to apply and hope you will choose KPMG in Canada as your employer of choice.
For general recruitment-related inquiries, please contact the HR Delivery Centre at cafmcdnhrsthotline@kpmg.ca.
If you have a question about accessible employment at KPMG, or to begin a confidential conversation about your individual accessibility or accommodation needs through the recruitment process, we encourage you to contact us at cafmcdnhrsthotline@kpmg.ca or phone:
416-777-8002
or toll free 1-888-466-4778."
"Business Application Support Analyst - Toronto, ON - Indeed.com","Who You Are
You are a service orientated individual who is excited to be a part of a fast-growing organization that enables the best to be even better. You have experience deploying business applications and supporting the user network in adopting the system while working with the vendor to improve the overall platform experience. You love working in a collaborative team environment, but also enjoy your autonomy to accomplish tasks and provide excellent service to our Partners and their teams. As an individual who is driven by excellence, you are eager to contribute to the success of one of Canada's Best Managed companies
Role Overview
The Business Application Support Analyst supports the successful deployment and overall practice experience on the dc engage program. dc engage, dentalcorp's exclusive patient engagement platform, supports the evolving needs of the practice and connects directly to the practice's Practice Management Software.
Located at dentalcorp's Toronto Support Centre, you will be responsible for supporting various initiatives to continuously improve the utilization and performance of the dc engage platform for our network of practices.
Responsibilities
Provide support via. the support queue (phone, email, ticketing software)
Record, track and escalate incidents via. dc assist software and through vendor's ticket software
Setup and maintain system data/access controls
Conduct remote sessions with End Users for troubleshooting purposes
Design FAQs to assist on self service and support to end users
Ability to configure basic customizations in system
Coordinate between cross departmental teams on issues requiring escalations
Determine system issues by troubleshooting, researching, and testing systems
Provide exceptional service to all departments using available resources while meeting set SLAs
Monitor and track the performance of the dc engage platform and the SLAs to ensure the vendor adheres to the agreed upon standards
Develop relationships with relevant stakeholders, actively managing expectations and monitoring satisfaction levels. Provide a uniform approach for capturing and actioning on user feedback.
Manage the support ticket review process with the vendor to escalate high priority bugs and identify key enhancement opportunities
Lead requirements gathering process in collaboration with the team to ensure all business requirements are captured; and work with relevant stakeholder to clarify and refine requirements as required. Coordinate the translation of business requirements into functional designs with the vendor
Analyze and research relevant new and existing products and procedures to ensure the platform remains competitive for the business
Build, maintain, and evolve the dc engage onboarding process with the vendor and internal teams to further enhance the new practice onboarding experience
Build effective partnerships with internal and external stakeholders to provide excellent support to our practice community
Qualifications
2+ years of work experience in IT or business environment and/or B.S./B.A. in computer science, engineering, information systems, math or business.
Strong technical and process-oriented skills
Quick error analysis and troubleshooting skills
Previous experience documenting technical solutions, process mapping and proven project management skills
Excellent communicator, presenter with excellent interpersonal and training skills
Ability to work between end users and vendor to provide excellent customer support
Excellent computer skills with proficiency in in Microsoft Office (Excel, PowerPoint, Visio, Word, Outlook)
Highly service-oriented with exceptional organizational and follow up skills
Proven ability to and enjoy working in a highly dynamic and fast paced environment
Highly curious and self-motivated problem solver
Ability to live and champion the dentalcorp values (Integrity, Collaboration, Innovation and Excellence) with every interaction
About dentalcorp
dentalcorp is focused on acquiring and partnering with leading, growth-oriented general and specialist dental clinics across Canada. Our unique value proposition allows our dentist Partners to retain their clinical and operating autonomy while we inspire them to achieve ambitious personal and professional growth. Our unprecedented strategic insights and expertise place our Partners at the forefront of delivering optimal patient care.
Candidates must be legally eligible to work in Canada. We thank all applicants, but only suitable applicants will be contacted. Job applicants with a disability who require reasonable accommodation for any part of the application or hiring process can contact our Talent Team at
416-558-8338
. Reasonable accommodations will be determined on a case-by-case basis and your request will be responded to as soon as possible.
#LI-NC1"
"IT Product Owner/Business Analyst - Greater Toronto Area, ON - Indeed.com","Company overview
MDLand International (MDLand)
is a leading innovative health information technology company based in New York City providing cloud-based certified electronic health records, a data-driven population health platform, a culturally competent patient engagement, and emerging digital health solutions to practices and healthcare organizations.
At MDLand, we have experienced a substantial period of growth and profitability as a result of our hard work to serve the community-based private practice and physician organizations. To continue this trajectory and expand to new markets, we are opening a new office in Toronto and searching for highly qualified and talented individuals to further refine our product offering to help customers' transformation in value-based care and the digital health world.
As a health technology company, we will bring the promise of better technologies with solutions to today's and tomorrow's healthcare problems. Our value system with unyielding principles in integrity, quality, and openness will guide us bravely in taking every innovative step and being a trailblazer to refocusing on humanity in today's tech-enabled healthcare world. Together, we are making a difference for better healthcare – and you can, too. Become a member of MDLander.
About the role
We are seeking an
IT Product Owner/Business Analyst
to join our digital health team. This role will serve as the liaison between the stakeholders and the IT team, leverage the tools and processes developed and managed by the IT department, analyze the requirements, and suggest enhancements to technical systems, processes, and business models. He or she will be responsible for translating business needs into IT solutions and vice versa.
Key responsibilities will include:
· Work with business stakeholders to determine and gather business requirements
· Manage and refine product backlog, and compose (Epic) user stories
· Work with UX designer to generate the flowchart and wireframes' diagram to describe the requirements in detail
· Track the project schedule and ensure deliverable at each sprint
· Translate complex business processes into language that developers can understand, as well as translating IT technical processes and needs into language that business stakeholders can appreciate
· Assist in documenting user guides and manuals
· Generate and maintain required documentation
· Act as liaison between IT and other business units
· Act as an information source and communicator between business branches
· Understand strategic business needs and plans
· Analyze business needs
· Participate in sourcing and implementing new business technology
· Generate reports on application developments and implementations as required
· Analyze data to inform business decisions
You will enjoy this role if you have the following qualifications:
· Bachelor's Degree in Computer Science or a related technical discipline, or the equivalent combination of education, technical certifications or training, and work experience
· 5+ years of directly related experience in product management/business analysis/process analysis
· 3+ years of Agile experiences
· Knowledge with Jira
· Excellent internal and external communication skills
· Highly responsible, innovative, detail-oriented, self-starting, and self-motivative
Bonus experience:
· Experience in healthcare information technology and business analysis
· Experience of UX
· Experience of DotNet or C#
· Experience in international team management
· Product Owner Certificate (Ex. CSPO)
Compensation will include:
· Competitive salary and benefits
· Flexibility for remote working models
Job Types: Full-time, Permanent
Salary: Up to $110,000.00 per year
Benefits:
Casual dress
Dental care
Extended health care
Life insurance
Paid time off
RRSP match
Vision care
Work from home
Schedule:
8 hour shift
Work remotely:
Yes"
