Title,Description
"Business Analyst - Toronto, ON - Indeed.com","Nous sommes la Financière Northbridge. Nous sommes fiers d’être une société canadienne à 100 %, détenue en propriété exclusive par Fairfax Financial. Nous offrons nos services par l’entremise de nos marques Northbridge Assurance, Les assurances Federated et TruShield Assurance. Nous sommes reconnus comme étant l’une des plus importantes sociétés d’assurance de dommages des entreprises au Canada. Nos employés sont engagés à comprendre les besoins de nos clients, et nous faisons tout en notre pouvoir pour aider les entreprises canadiennes à connaître un avenir meilleur et plus sécuritaire. Nous sommes une entreprise formée de personnes passionnées qui placent les gens au cœur de leurs préoccupations. Souhaitez-vous vous joindre à une équipe qui croit en l’importance de travailler fort, et d’avoir du plaisir au travail, tout en améliorant les choses? Ne cherchez pas plus loin que Northbridge.
Our
Business Analysts
play a crucial role for the organization in executing business analysis using the tools and techniques of planning, requirements management, enterprise analysis and solution validation across multiple business areas.
The right candidate for this role is passionate about discovering requirements based on user needs and an understanding of our current state operations and our future objectives and strategies. They will support development, quality assurance and user acceptance testing throughout the life cycle of the project to ensure delivered solutions meet our organizational needs. They will work very closely with our business teams, and our IT delivery teams to define features and user stories; and facilitate their delivery.
In other words, they’re awesome. If you are too, please consider joining our Enterprise Project Management Office and our Business Analysis Team.
You’re great at:
Planning, organizing, and managing multiple demands and changing priorities
Ability to take initiative and employ appropriate decision making
Understanding complex problems and implementing appropriate solutions
Employing business analysis techniques and knowledge areas
You have:
Bachelors’ Degree (Computer Science or Computer Engineering is preferred) and/or equivalent to the job experience
5 years of experience, working in a technology environment
Strong technical background with experience in insurance business processes and systems
The ability to develop and prepare business analysis documentation and planning including epics, features and user stories
We’re great at putting you first by:
Prioritizing your well-being (Wellness Program, flexible health benefits, employee assistance)
Promoting balance (flexible schedules, generous time off, and work from home options)
Supporting your financial health (employee share purchase plan, pension plans, discount on staff insurance)
Helping you grow in your career (education assistance, internal mobility)
Caring about the community and the causes you believe in (donation matching, team volunteering)
À la Financière Northbridge, nous avons à cœur de créer un milieu de travail inclusif où nous célébrons les employés et les accueillons comme ils sont. Peu importe qui vous êtes ou ce qui vous rend unique, nous vous accueillons à bras ouverts. Veuillez simplement nous indiquer comment nous pouvons vous aider ou vous accommoder au cours du processus de sélection."
"Business Systems Analyst – Intelligence - Toronto, ON - Indeed.com","What makes SYNNEX extraordinary?
We believe that success is achieved by bringing together unique points of view. Our team is comprised of innovative perspectives from a diverse group of bright minds who are inspired with a vision to imagine and the energy to make it happen. Whether you’re just starting out in your career or a seasoned executive, we have a wide range of opportunities for those who have a passion for technology and a desire to bring their full self to work every day where you can grow and make a difference.
Take the next step towards a rewarding career and be a part of a team that embraces inclusivity and teamwork. You’re ready to be SYNNEXtraordinary !
Our recruiting experience is digital!
Technology is at the core of our business – we don’t just sell technology, we use it. The power of digital interviewing allows you the flexibility of using your computer or mobile device to record your interview on your own schedule in the comfort of your home. Our recruiting process allows you to tell your story in a stress-free way that is interactive and fun, so if you receive a link to Share your Story with us, we hope you have an awesome digital experience.
Business Systems Analyst – Intelligence
We are looking for a Business Intelligence Analyst who will support our product, sales, leadership, and marketing teams with insights gained from analyzing company data. The BI Analyst will report to the Director of Data Science. The ideal candidate is adept at using large datasets to find opportunities for product and process optimization. They must have prior experience using a variety of data mining/data analysis methods, using a variety of data tools. They must have a proven ability to drive business results with their data-based insights. They must be comfortable working with a wide range of stakeholders and functional teams. The right candidate will have a passion for discovering solutions hidden in large datasets and working with stakeholders to improve business outcomes.
Get Inspired by the Work You’ll Do
Work with stakeholders throughout the organization to identify opportunities for leveraging company data to drive business solutions.
Mine and analyze data from company databases to drive optimization and improvement of product development, marketing techniques and business strategies.
Assess the effectiveness and accuracy of new data sources and data gathering techniques.
Coordinate with different functional teams to implement solutions and monitor outcomes.
Your passion is sparked by:
Bachelor’s degree coupled with 1 – 2 years directly related experience or master’s degree in a quantitative field
Experience with SQL (Sybase/MySQL/or other) required
Experience with Python
Experience developing predictive models a plus
Demonstration of logical thinking, problem solving capability
Solid business communication and document writing skills plus demonstrated good judgment in defining procedures and practices to determine appropriate action
We have Great Perks
• 3-weeks’ vacation • Every day is Casual Day • Comprehensive Group Health Insurance plan • Profit Sharing Opportunity • Employee Referral Award program • Employee Purchase Plan/ Company Discounts • Out of Country travel assistance • Health/ Wellness initiatives • Paid Sick Days • Employee Assistance Program • Education Reimbursement • Milestone Service Awards • Community Involvement activities in partnership with Kids Help Phone • Employee of the Quarter awards • Group RRSP with Company Matching • Training Opportunities • Huang Leadership Development Scholarship • Bi-annual President’s Club • Annual Founders Award
Be Inspired In Your Career.
@ SYNNEX Corporation, we believe employees are our greatest asset and we empower them to make a difference in our business.
Diversity and inclusion makes us all better. Qualified applicants will receive consideration for employment without regard to race, color, religion, sex, national origin, sexual orientation, gender identity, age, disability, protected veteran status, and all other protected statuses.
@ SYNNEX Canada Limited, we are committed to supporting accommodation and inclusivity for persons with disabilities throughout the recruitment process and employment lifecycle. If you require accommodation during the recruitment and selection process, please let us know; we will work with you to meet your needs.
Note: The preceding job description has been designed to indicate the general nature and level of work performed by employees with this classification. It is not designed to contain or be interpreted as a comprehensive inventory of all duties, responsibilities and qualifications required of employees assigned to this job."
"analyst, information technology (IT) - Coquitlam, BC - Indeed.com","Business Equipment and Computer Applications
Microsoft Visio
Work Setting
Research and development institution
Specific Skills
Confer with clients to identify and document requirements
Conduct business and technical studies
Design, develop and implement information systems business solutions
Provide advice on information systems strategy, policy, management and service delivery
Assess physical and technical security risks to data, software and hardware
Develop and implement policies and procedures throughout the software development life cycle
Develop policies, procedures and contingency plans to minimize the effects of security breaches
Conduct reviews to assess quality assurance practices, software products and information systems
Programming Languages
Python
Work Conditions and Physical Capabilities
Fast-paced environment
Work under pressure
Attention to detail
Tight deadlines
Computer and Technology Knowledge
Word processing software
Spreadsheet
MS Windows
Java
Internet
Database software
C++
Networking hardware
Networking security
File management software
Presentation software
Communication software
Image editing software
Project management software
Programming software
Desktop publishing software
Programming languages
Software development
SQL
Data analysis software
Mapping and data visualization software
Website creation and management software
MS Office
Business diagram software
Multimedia software
Computer-aided design (CAD)
Business intelligence
Personal Suitability
Initiative
Effective interpersonal skills
Accurate
Team player
Excellent written communication
Client focus
Judgement
Organized"
"user support technician - Mississauga, ON - Indeed.com","Work Setting
Consulting firm
Help desk
Startup company
Specific Skills
Communicate electronically and in person with computer users experiencing difficulties to determine and document problems experienced
Consult user guides, technical manuals and other documents to research and implement solutions
Provide advice and training to users in response to identified difficulties
Collect, organize and maintain a problems and solutions log for use by other technical support analysts
Set up equipment for employee use, performing or ensuring proper installation of cables, operating systems, or appropriate software
Provide business systems, network and Internet support to users in response to identified difficulties
Own Tools/Equipment
Computer
Printer
Internet access
Cellular phone
Work Conditions and Physical Capabilities
Fast-paced environment
Work under pressure
Repetitive tasks
Attention to detail
Sitting
Ability to Supervise
1 to 2 people
Work Location Information
Willing to relocate
Relocation costs covered by employer
Computer and Technology Knowledge
Word processing software
Spreadsheet
MS Windows
MAC
Networking hardware
File management software
Presentation software
MS Office
Desktop applications
Multimedia software
Personal Suitability
Effective interpersonal skills
Accurate
Team player
Excellent oral communication
Excellent written communication"
"user support technician - Brampton, ON - Indeed.com","Specific Skills
Communicate electronically and in person with computer users experiencing difficulties to determine and document problems experienced
Consult user guides, technical manuals and other documents to research and implement solutions
Collect, organize and maintain a problems and solutions log for use by other technical support analysts
Supervise other technical support workers in this group
Set up equipment for employee use, performing or ensuring proper installation of cables, operating systems, or appropriate software
Provide business systems, network and Internet support to users in response to identified difficulties
Transportation/Travel Information
Public transportation is available
Work Conditions and Physical Capabilities
Fast-paced environment
Work under pressure
Repetitive tasks
Attention to detail
Tight deadlines
Personal Suitability
Initiative
Accurate
Team player
Client focus
Organized"
"Biologist (BI02), Senior Biologist (BI03), Analyst (PC02), Senior Analyst (PC03) - Winnipeg, MB - Indeed.com","Fisheries and Oceans Canada
Winnipeg (Manitoba), Hay River (Northwest Territories), Inuvik (Northwest Territories), Yellowknife (Northwest Territories), Iqaluit (Nunavut), Rankin Inlet (Nunavut)
BI-02, BI-03, PC-02, PC-03
Term (Temporary), Indeterminate (Permanent), Acting, Deployment, Secondment
Salary Ranges: BI 02- $64,692 to $88,090 BI 03- $81,359 to $104, 748 PC 02- $73,479 to $88, 090 PC 03- $88, 533 to $105, 353 + applicable allowances and travel assistance- see important notes for important financial information**
For further information on the organization, please visit Fisheries and Oceans Canada
Closing date: 15 October 2022 - 23:59, Pacific Time
Who can apply:
Persons residing in Canada and Canadian citizens residing abroad.
For positions located in Nunavut- Inuit enrolled under the Nunavut Agreement (beneficiaries of the Nunavut Land Claims Agreement) will be considered first, before other applicants (including persons with priority entitlement and Veterans) for the Nunavut positions.
Apply online
Important messages
We are committed to providing an inclusive and barrier-free work environment, starting with the hiring process. If you need to be accommodated during any phase of the evaluation process, please use the Contact information below to request specialized accommodation. All information received in relation to accommodation will be kept confidential.
Assessment accommodation
When you apply to this selection process, you are not applying for a specific job, but to an inventory for future vacancies. As positions become available, applicants who meet the qualifications may be contacted for further assessment.
**IMPORTANT FINANCIAL INFORMATION:
You may be entitled to a northern isolated post allowance, depending on the location you work from. Isolated Post allowance for our locations ranges from $12,016 in Hay River, NWT to $23,467 in Iqaluit, NU for a single person and from $20,026 to $39,112 for a family, respective of location. In addition, you may be entitled to travel assistance for you and your family.
Please note that rates and conditions above are subject to change. Please see the Isolated Posts and Government Housing Directive for more information or to view the rates for other locations at http://www.njc-cnm.gc.ca/directive/ipgh-pile/index-eng.php.
-
HERE’S HOW THE ASSESSMENT PROCESS WILL GO:
****The first withdrawal of candidates will be held November 9, 2020*****
STEP 1- INTRODUCE YOURSELF
Tell us about yourself! We want to know why you would be the ideal candidate for this position and what you would bring to this role. You can do this by clicking “Apply Online"", or you can email a copy of your application to Katherine.Rawlings@dfo-mpo.gc.ca. In your resume, be sure to highlight the experience you have that is applicable to these roles.
The online application is very simple (yes/no questions) and should only take you 10-15 minutes!
STEP 2 – SCREENING THE APPLICATIONS
Your resume will be reviewed to determine if you have the following education and experience. If you do, you may be sent a questionnaire concerning the below experience factors:
For Biologist (BI02) and Senior Biologist (BI03) Positions:
Graduation with a degree from a recognized post-secondary institution in a natural, physical or applied science with specialization in a field, such as biology, ecology, or natural resource management, relevant to the duties of the position.
For Analyst (PC02) and Senior Analyst (PC03) Positions:
Graduation with a degree from a recognized post-secondary institution, with acceptable specialization in physics, geology, chemistry or some other science relevant to the position.
For Biologist (BI02) and Analyst (PC02) Positions:
Experience working on environmental or resource management projects.
Experience writing environmental reports or publications.
For Senior Biologist (BI03) and Senior Analyst (PC03) Positions:
Experience conducting analysis and providing science-based advice or strategic advice to management on issues related to the protection, conservation or sustainable management of aquatic species, fisheries, or ecosystems.
Experience consulting or collaborating on environmental or resource management projects with Indigenous groups, stakeholders, co-management agencies or other levels of government.
Experience compiling, synthesizing and presenting scientific information.
Experience leading others or coordinating project teams.
For Analyst (PC02) and Senior Analyst (PC03) Positions:
Experience utilizing Geographic Information Systems to identify, analyze and manage geospatial data
STEP 3 - INTERVIEWS & FURTHER ASSESSMENT
Based on your resume and the answers you provide to the questionnaire, you may be invited to an interview and other assessments. During the interview we will be looking for you to demonstrate the following (for all positions):
Ability to communicate orally
Effective Interpersonal skills
Initiative
Judgement
Flexibility
You may also be asked to complete other assessments to evaluate:
Ability to plan, organize and establish priorities
Ability to communicate in writing
Duties
The Arctic Region of Fisheries and Oceans Canada (DFO) is seeking to recruit enthusiastic individuals to join its team of staff dedicated to the delivery of Federal policy, program and regulatory responsibilities in accordance with the Fisheries Act and Oceans Act, related regulations, and legislated land claim agreements with the goal of ensuring healthy, safe and prosperous fisheries and oceans for the benefit of current and future generations of Canadians.
DFO- Arctic Region staff, particularly in the Marine Planning and Conservation and Fisheries Management programs, are involved with the following types of work in collaboration with other federal departments, provincial and territorial governments, indigenous organizations and communities:
 Lead and facilitate the development and implementation of plans for the integrated management of all activities or measures affecting Canada’s estuaries, coastal waters and marine waters.
 Lead and coordinate the development and implementation of a marine conservation areas network in support of integrated management and sustainable development.

Developing marine environmental quality guidelines and criteria to mitigate the risk of human caused stressors on the marine environment for project proponents to apply to their activities.

Establishment of partnerships and management of grants and contributions agreements in support of Indigenous capacity building and cooperation in marine planning and conservation.

Lead, develop and implement policies, plans and initiatives, in consultation with Indigenous groups, co-management partners, communities, industry and other stakeholders to manage, protect and conserve fisheries resources in the Arctic.
 Develop and implement Integrated Fisheries Management Plans (IFMPs) for key fisheries, through collaboration with co-management organizations, necessary to ensure sustainability and provide for the allocation and distribution of harvestable resources.
 Informed by the scientific evidence and and traditional Indigenous knowledge of fish and marine mammals, work to provide Canadians with a sustainable fishery resource that provides for an economically prosperous and diverse industry.
If you are interested in any or all of these exciting areas of our program, we look forward to receiving your application.
Work environment
Did you know that Fisheries and Oceans Canada and the Canadian Coast Guard have been recognized as an employer of choice through several awards?
Canada’s Top Employers for Young People (2018 and 2019)
Forbes Canada’s Best Employers (2018)
Did you know that we also have a real impact on the lives of Canadians? On a typical day Fisheries and Oceans Canada and the Canadian Coast Guard:
Contribute to healthy lakes, rivers and oceans
Saves 8 human lives;
Answers 1,127 radio communications;
Responds to 5 environmental pollution reports;
And so much more!
Are you looking for an organization that:
Focuses on its employees' creativity and their professional development;
Has a rich and diverse range of career opportunities; and
Is a respectful workplace that celebrates diversity in all its genres?
If you're looking for new and rewarding challenges, do not waste another second and submit your application to join one of the most dynamic organization in the Federal Public Service.
Intent of the process
The purpose of this process is to create an inventory of candidates that will be used to staff position(s) within the Department of Fisheries and Oceans that are based in Nunavut and the Northwest Territories. Priority will be given to staffing positions in Nunavut, or Northwest Territories; however, some positions may be staffed in Winnipeg, Manitoba on an as needed basis. Remote work assignments from other locations may also be considered.
This inventory of candidates may be used to staff similar term and/or permanent positions at Fisheries and Oceans Canada (DFO) and other Departments and Agencies who have positions in Nunavut. Linguistic profile requirements as well as tenures and/or security clearance may vary according to the position being staffed.
The first withdrawal of candidates will be held November 9, 2020. Consequently, we strongly encourage you to complete your application and submit it before this date in order to be part of the first group assessed. All subsequent withdrawal of applications will occur based on operational needs.
Positions to be filled:
Number to be determined
Information you must provide
Your résumé.
In order to be considered, your application must clearly explain how you meet the following (essential qualifications)
Graduation with a degree from a recognized post-secondary institution in a natural, physical or applied science with specialization in a field, such as biology, ecology, or natural resource management, relevant to the duties of the position (Biologist (BI) positions)
-or-
Graduation with a degree from a recognized post-secondary institution, with acceptable specialization in physics, geology, chemistry or some other science relevant to the position. (Analyst (PC) positions)
Degree equivalency
The following will be applied / assessed at a later date (essential for the job)
English essential
Information on language requirements
The following may be applied / assessed at a later date (may be needed for the job)
The following requirements are not essential for these positions but they are applicable to the positions and MAY be used in the assessment process.
Graduation with an advanced degree (Masters or Doctorate) from a recognized post-secondary institution with acceptable specialization in: geography, physics, aquatic sciences, chemistry, environmental sciences, economics, mathematics, engineering, computer science or some other science relevant to the position such as biology, conservation sciences or natural resources.
A post-secondary certificate or diploma from a recognized institution with a specialization relevant to the duties of the position (e.g., qualifications related to geographic information science, remote sensing, natural resource management, or database application and development).
Experience developing or managing marine conservation areas or marine planning initiatives.
Experience with program or project delivery within northern land claims.
Experience with database development or management.
Experience with aquatic resource management in Canada.
Ability to speak Inuktitut.
Knowledge of Inuit culture, society and traditions.
Selection may be limited to members of the following Employment Equity groups: Aboriginal persons, persons with disabilities, visible minorities, women
Information on employment equity
Conditions of employment
Reliability Status security clearance
Driver’s License or mobility generally associated with a driver’s license
Willingness and ability to travel by land, air and water.
Willingness and ability to work overtime.
Medical Clearance (if applicable)
Isolated Post Medical (if applicable)
Other information
The Public Service of Canada is committed to building a skilled and diverse workforce that reflects the Canadians we serve. We promote employment equity and encourage you to indicate if you belong to one of the designated groups when you apply.
Information on employment equity
Candidates located in Nunavut or the Northwest Territories, if you are unable to submit an application online, it can either be mailed to:
Charlotte Sharkey
Fisheries and Oceans Canada
PO Box 358
630 Mivvik Street, Qamutiik Building
Iqaluit, NU
X0A 0H0
or
Jasmine Brewster
Fisheries and Oceans Canada
Box 1871
#1 Arctic Road
Inuvik, NWT
X0E 0T0
or emailed to Katherine.Rawlings@dfo-mpo.gc.ca
Persons are entitled to participate in the appointment process in the official language of their choice. Applicants are asked to indicate their preferred official language in their application.
Poster may be provided in Inuktitut upon request.
Successful candidate(s) must meet and maintain the Conditions of Employment throughout their employment.
Communication for this process will be sent via email. It is the responsibility of the candidate to ensure accurate contact information is provided and updated as required. Candidates who apply to this selection process should include an email address that accepts email from unknown users (some email systems block these types of email).
Time sensitive correspondence may be transmitted via e-mail and it will be the candidate's responsibility to ensure they check their email regularly. Failure to respond to communications may result in elimination from this process.
Preference
Preference will be given to veterans and to Canadian citizens, in that order, with the exception of a job located in Nunavut, where Nunavut Inuit will be appointed first.
Information on the preference to veterans
We thank all those who apply. Only those selected for further consideration will be contacted."
"SENIOR PERFORMANCE MEASUREMENT AND REPORTING ANALYST - Toronto, ON - Indeed.com","The Job
Do you have excellent research and analysis skills to develop performance measurement and evaluation frameworks? If so, join the Inspectorate of Policing, Ministry of the Solicitor General, in a new position where you will provide leadership and guidance on performance measurement related to the delivery of policing in Ontario and the performance and progress on divisional strategic direction and initiatives.
The Ministry
The Ministry of the Solicitor General is responsible for the safety and security of communities across Ontario through effective policing, correctional services and emergency services programs. The ministry promotes policing excellence by communicating with and providing advice to the police community, as well as through training, developing professional standards and establishing new programs. The Ontario Provincial Police provides front-line policing services to more than 400 municipal and First Nations communities. The ministry is also responsible for maintaining effective and efficient correctional programs that create an environment where offenders are better able to return to the community and make positive contributions to society. Through the work of the Office of the Chief Coroner, Office of the Fire Marshal, Centre of Forensic Sciences and Emergency Management Ontario, the ministry seeks to minimize or eliminate hazards to people and property.
The Division
The Inspectorate of Policing (IOP) is a division within the Ministry of the Solicitor General that will monitor, advise, conduct inspections and investigate complaints with respect to the delivery of policing and compliance with the Community Safety and Policing Act and its regulations, as well as investigate complaints related to police services board member misconduct. The Inspectorate is expected to begin operations in early 2022.
Why work for the Ontario Public Service?
The Ontario Public Service (OPS) is committed to being an employer of first choice, creating a positive and inclusive work environment.
We offer:
Competitive compensation and benefits
Flexible work arrangements
Collegial and professional work culture
Career growth and development opportunities across multiple business areas
On-the-job training to support your success in the role
What can I expect to do in this role?
In this role, you will:
Contribute to the development and implementation of performance measurement strategies/frameworks
Provide strategic policy analysis, advice, and guidance on the measurement and delivery of policing
Recommend strategies, projects, and initiatives
Recommend, plan and lead initiatives and information solutions to improve data quality and integrate system development, collection, management, and analytical supports
Actively coach, train and lead other team members on evaluation and analytical techniques
Lead and contribute to research and analysis
Coordinate and plan concurrent projects
Prepare briefing notes, letters, position papers and other communications
How do I qualify?
Performance Measurement Knowledge:
You have knowledge of program evaluation techniques to develop strategic and plan, design, execute and consult on evaluation frameworks and performance measurement.
You understand current issues, trends, and status of performance management research in Canada and North America.
You understand government direction, governance, protocols, and political climate.
You can develop strategies and provide guidance on program evaluation and performance measurement.
Research, Analytical and Project Management Skills:
You have knowledge of research, analytical and statistical methodologies to plan and coordinate evaluations, research studies and statistical analysis.
You can contribute to the process of generating statistical reports and conducting quantitative and qualitative analysis.
You have knowledge of current and leading-edge strategic planning and project management theories, tools, and methodologies.
You have knowledge of project management techniques and related skills to coordinate and plan concurrent projects.
Relationship Management Skills:
You have leadership and coordination skills to develop and integrate strategies, collaborate with stakeholders, and influence decisions.
You have strong interpersonal and consultation skills to conduct internal and external stakeholder consultations.
You have strong business relationship and communication skills to develop and sustain working relationships.
You can negotiate agreements, resolve issues, and recommend decisions regarding performance measurement strategies, protocols, policies, and programs.
Computer Skills:
You have experience utilizing statistical data analysis software/programs such as SAS or SPSS and modeling techniques to prepare reports, recommendations, and presentations.
OPS Commitment to diversity, inclusion, accessibility, and anti- racism:
We are committed to build a workforce that reflects the communities we serve and to promote a diverse, anti-racist, inclusive, accessible, merit-based, respectful and equitable workplace.
We invite all interested individuals to apply and encourage applications from people with disabilities, Indigenous, Black, and racialized individuals, as well as people from a diversity of ethnic and cultural origins, sexual orientations, gender identities and expressions.
Visit the
OPS Anti-Racism Policy
and the
OPS Diversity and Inclusion Blueprint
pages to learn more about the OPS commitment to advance racial equity, accessibility, diversity, and inclusion in the public service.
We offer employment accommodation across the recruitment process and all aspects of employment consistent with the requirements of Ontario's
Human Rights Code
. Refer to the application instructions below if you require a disability-related accommodation.
Additional Information:
Address:
1 Permanent, 25 Grosvenor St, Toronto, Toronto Region, Criminal Record and Judicial Matters Check (Fingerprint Based)
Compensation Group:
Association of Management, Administrative and Professional Crown Employees of Ontario
Understanding the job ad - definitions
Schedule:
6
Category:
Policy and Analysis
Posted on:
Thursday, December 2, 2021
Note:
In accordance with the Ontario Public Service (OPS), Employment Screening Checks Policy (ESCP), the top candidate(s) may be required to undergo a security screening check. Refer to the above to determine the screening checks that are required for this position.
Required security screening checks along with your written consent, will be sent to the Transition and Security Office (TSO), Talent Acquisition Branch (TAB), HR Service Delivery Division (HRSDD) to evaluate the results. If applicable, the TSO, with your written consent, will request and obtain any additional employment screening checks that were not obtained directly by you.
A record under the Criminal Code and/or other federal offence record(s) does not automatically mean you will be ineligible for the position. The employment screening check(s) will only be reviewed and evaluated by the TSO for the purpose of making a security clearance decision. The details of an individual's employment screening check(s) will be considered in specific relation to the duties and responsibilities of the position being filled. Employment screening check records will be maintained by the TSO and kept strictly confidential.
Effective October 1, 2021, the OPS COVID-19 Safe Workplace Directive requires all Ontario Public Service employees to provide proof they are fully vaccinated, meaning they are fully vaccinated as defined by the Ministry of Health (refer to:
COVID-19 Fully Vaccinated Status in Ontario
), including 14 calendar days have passed since receiving their final dose of the COVID-19 vaccine.
Employees who do not provide proof of full vaccination will be deemed ‘not vaccinated' under the Directive and will be required to attend a vaccine education program and undergo regular rapid antigen testing. Employees who are not vaccinated under the policy with a valid medical exemption will not be required to attend a vaccine education program but must undergo regular rapid antigen testing.
The information that you provide for the purpose of this competition and the results from this competition may be used to fill other positions. These positions may be of various tenures including short-term assignments. Your information and the results from this competition will be retained for the purpose of filling vacancies in accordance with the applicable collective agreement or policy provisions."
"Business Systems Analyst - Edmonton, AB - Indeed.com","Business Systems Analyst
Closing Date: Until Suitable Candidate Found.
Good Samaritan ,Corporate Office
,8861 75 Street, Edmonton, AB
The world could use more good samaritans. If you are interested in a diverse and rewarding career within a dynamic organization, then choose a career where people matter; where you are valued, appreciated for your hard work, and supported. Join a team that empowers you to live up to your potential so that you can feel part of something bigger and make a difference in the lives of others.
The Opportunity
Employment Type:
Permanent Full Time 1 FTE
Hours of Work:
0800-1600 HRS
Wages:
Commensurate with Education & Experience
Under the direction of the Manager of Analytics, the Business System Analyst (BSA) develops reports and provides technical expertise for application support. The BSA also works closely with members of various departments within the organization with data analysis and dashboard development used for decision support.
Educational and other Qualifications
Degree in Computer Science, Information Technology (IT) or formal education in a comparable discipline including courses in business/systems analysis, programming and the use of report development tools
Information Systems Professional Designation preferred
A combination of education and experience may be considered
Work Experience
A minimum of four years of experience in an analytics and business systems development
Experience with integration and migration of data between business systems
Experience working in the field of health informatics an asset
High proficiency with SQL language and database management
Practical experience generating process documentation and reports
Knowledge, Skills, and Abilities
Experience with data visualization, strong analytical skills and attention to detail
Ability to analyze, document and recommend improvements to business processes
Good understanding of Project Management principles and practices
Ability to write specification documents and communicate software problems and change requests to software vendors
Experience with reporting tools like Power BI, SSRS and Crystal Reports
Proficiency in MS Office Suite (Word, Excel, PowerPoint, Visio and Project) tools
Basic skills in programming languages like C# and ASP .NET framework
Experience with SQL/TSQL, Microsoft Access and DBA experience strongly preferred
Demonstrates a basic understanding of HL7 standards
Demonstrated ability to translate data into actionable insights
Ability to balance multiple demands and work both independently and as part of a team
Strong written and oral communication skills
Excellent interpersonal skills with the ability to work effectively with all levels of the organization
Demonstrated commitment to continuous learning
Who we are:
At The Good Samaritan Society, Good Samaritan Canada, and Good Samaritan Delta View Care Centre, we believe that our employees are our number one asset. Since 1949, we have been providing excellence in complex/long term care, assisted/supportive living, and other specialized care services for the elderly and those with developmental and physical support requirements. We could not do what we do without our dedicated and committed employees.
What we can offer you:
Work/life balance
Learning and development opportunities
Competitive wages
Pension and benefits for eligible employees
Paid vacation time for eligible employees
Discounted services with many of our local businesses
Employee and Family Assistance Program
Employee recognition events
Requirements:
A current and clear Criminal Records Check Form and if applicable a Vulnerable Sector Check that has been obtained no more than 90 calendar days prior to the hire date.
A tuberculosis screening that has been completed no more than 12 months prior to the hire date.
How to apply:
Visit us online at www.gss.org or apply at https://hrnet.gss.org and create a profile
We thank all applicants, however only candidates under consideration will be contacted for an interview."
"Health Informatics Specialist - Healthcare Systems Support - Guelph, ON - Indeed.com","Health Informatics Specialist – Healthcare Systems Support
Ontario Veterinary College Health Sciences Centre
Temporary full-time from January 2022 to October 2022
Hiring #: 2021-0592
Please apply through the careers webpage on the University of Guelph site and follow the application instructions: https://www.uoguelph.ca/hr/careers-guelph/current-opportunities
Reporting to the Health Informatics Systems Analyst, the Health Informatics Specialist will be responsible for fully supporting the Ontario Veterinary College Health Sciences Centre (OVC HSC) strategy for the development, testing, implementation, integration, maintenance and support of the Healthcare systems operated by the Health Sciences Centre.
This position will develop simple or moderately complex data models and schema that describe processes and data flows related to healthcare and business systems used at OVC HSC. The successful candidate will provide tier one desktop support to immediately triage end-user issues, then resolve or assign tickets to appropriate personnel to ensure the 24/7 environment is operational at all times.
The successful candidate will be responsible for:
High degree of understanding of medical data, terms and procedures
Converting data into useable information that is easy to understand
Participating in all phases of the healthcare system development life cycle
Collaborating with stakeholders to assess system and application needs to aid in the integration and support of healthcare solutions
Analyzing problems related to the integrated systems/applications
Identifying and resolving interface issues between systems
Performing root cause analysis to determine and correct issues
Working with Central Computing to identify and resolve system issues affecting the performance of healthcare solutions
Organizing and or facilitating end user training to ensure solutions are used appropriately
Articulating problems, issues and potential solutions to team members, clients, counterparts in Central Computing and organizational administration
Requirements of the position include:
Two (2) years of community college education preferably in health informatics, computer information system or healthcare/ambulatory related diploma or equivalent
Minimum of two (2) years’ experience in a related job preferably with involvement of healthcare technologies (Hospital Information Systems, RIS/PACS, Flowsheets), data communication and data integration
High degree of understanding of healthcare technology as well as medical infrastructure/hardware, systems, data, terms and procedures
Possess a wide understanding of data shortage and data sharing methods
Proficient with key healthcare and business standards such as HL7, DICOM, SQL, XML and API
Strong understanding of information security, networks, client server architecture and single sign-on
Experience with various operating systems such as Windows 10, MacOS, iOS, Windows Server 2012, Android, and Linux
Demonstrated knowledge of network protocols such as TCP/IP, S/FTP and HTTP/S as well as client servicer architecture and web services
Excellence in communication (written, verbal and presentation skills)
Ability to multi-task in a high paced and complex work environment
ITIL understanding or experience is an asset.
Classification USW, Local 4120 Salary Band 6
Normal Hiring Range $28.00 - $31.29 per hour
At the University of Guelph, fostering a
culture of inclusion
is an institutional imperative. The University invites and encourages applications from all qualified individuals, including from groups that are traditionally underrepresented in employment, who may contribute to further diversification of our Institution.
Job Types: Full-time, Temporary
Salary: From $28.00 per hour"
"Systems Integration Analyst - Fort St. John, BC - Indeed.com","ROLE:
Our Surerus Pipeline Inc Corporate Office in Fort St John, BC is searching for a Systems Tech Analyst who will be responsible for the development and integration of various IT systems and processes for departmental software within the business. Core responsibilities include facilitating external program evaluation and integration, develop analytic reporting to enable operational decision making, and ensure system and data security and integrity. This position will also identify risks and improvement opportunities and facilitate change and program implementation including delivery of training, ongoing support and evaluation to ensure platforms are utilized to their full scope.
KEY RESPONSIBILITIES:
Create, evaluate, and present technical business cases, ""as-is"" and ""to-be"" business processes, ""current"" and ""future"" technology integration design recommendations to colleagues, management, and business customers
Explain complex application functionality in a manner that can be understood, articulate ideas and solutions to influence others toward a desired outcome or solution; answer technical questions to support the case
Assess the current processes and software applications, identify opportunities, and recommend future systems with efficient design and system flow
Effectively partner, collaborate, and communicate with technical and non-technical colleagues at all levels during design and implementation of solutions
Developing reporting tools, templates, and models to enhance decision making, job costing, billing, internal reporting, contract administration, and audit
Identifying and pursuing opportunities for greater systems integration, improved data management, and more efficient and effective internal reporting
Support roll-out and adoption of systems and processes throughout the organization
Assist in the management and administration of the Explorer ERP system
Assess and lead implementation of new systems that may be introduced, such as electronic time sheets
Design and build custom applications, scripts, forms and reports for various business units using Microsoft development technologies
Analyze application problems and recommend modifications
Create and maintain documentation for custom development, integrations, and custom reports
Assist with troubleshooting issues and providing end to end technical solutions quickly and accurately
POSITION REQUIREMENTS:
Bachelor's degree in Computer Science, Computer Information Science, Information Technology, or a related field
Business/systems knowledge of the Microsoft Power Platform (Power BI, Power Automate, PowerApps)
Knowledge of REST/OData APIs, JSON, XML
Intermediate knowledge in Office 365/SharePoint
Strong to advanced abilities in Excel and Office suite. Knowledge in VBA is an asset.
Knowledge of databases, SQL, entity relationships, database structure
Software design, documentation and testing practices, knowledge in basic ALM concepts
Detail oriented, analytical, organized with a strong work ethic
Excellent verbal and written communication skills are essential as well as a strong desire to learn
Ability to present ideas in user-friendly language with strong customer service orientation
REPORTING RELATIONSHIPS:
The Systems Analyst will report to the Surerus Pipeline Inc. CFO
Although the position fully supports the Fort St John office, consideration will be given to working remotely with travel to Fort St. John or other locations."
"Telecommunications Analyst - Thornhill, ON - Indeed.com","About Us
As Canada's largest automobile association, we are passionate about keeping our Members safe- whether they are on the road, at home, or travelling abroad. Meeting the diverse needs of our two-million Members requires high performing, forward thinking, and innovative people who work collaboratively to keep propelling our business forward. Life at CAA Club Group is fast paced, performance-driven and rewarding. We value our Associates' career growth and ongoing professional development- and we regularly recognize their achievements and outstanding results. CAA Club Group (CCG) is known for providing stellar emergency roadside assistance to our motoring Members and non-Members. We work hard and play hard. We're about doing what's right and feeling good about it.
Who we are
Our Information Technology department is seeking a Telecommunications Specialist to join our team.
Position Details
What You Will Do:
Work with the Telecom team to implement, maintain and support the AVAYA AURA Telephony system and corresponding adjunct applications
Review and understand business processes, provide consulting services to clients, and recommend voice and contact center services and technology solutions that will meet business needs.
Assist with research, planning, and design of voice services and contact center systems to address business needs.
Assist with vendor selection, planning, installation, testing, and implementation of Telecom systems and contact center technologies including Avaya Communication Manager Upgrade, Call Management System, Unified Communications, Voicemail, Call Recording, Interactive Voice Response System (IVR), Computer Telephony Integration (CTI), Speech Recognition, Quality/Performance Monitoring, Speech Analytics, Predictive Dialer, Workforce Management, Call Detail Recording, and Call Back Assist.
Assist with reviewing, planning, developing, documenting, testing, and executing Telecom disaster recovery plans
Perform daily administration and support of moves, adds, and changes (MACs) specific to voice and contact center systems.
Provide technical support for triaging level 1 telecom tickets
Perform changes or upgrades to voice systems, hardware components and software configurations following accepted IT change management policies and procedures
Perform service order administration and management of carrier services, monthly billing reviews, and internal cost allocation/recovery of telecom charges.
Provide training assistance and technical support to clients for voice systems and contact center services.
Maintain internal Telecommunications procedures and documentation to reflect additions and changes to system hardware, software, and network configurations.
Monitor and perform routine telecommunications health checks to ensure system capacity, performance, and availability are maintained at required service levels.
Provide effective change management by assessing change requests, identifying risks, and ensuring integrity and security of voice systems and services are maintained at all times.
Maintain and/or acquire knowledge and skills relating to Telecommunications systems and contact center technologies through professional groups, vendor forums, training, trade publications, and personal contacts.
Escalate system or service issues to the Manager, Voice and Data Services as required.
Who You Are:
Degree in Computer Science/Electrical Engineering/certified Telecommunications Management program is preferred, and/or equivalent work experience
At least 5 years of work experience with Telecommunications systems, contact center applications, and carrier voice systems and network services
Must have excellent knowledge on Avaya Contact Center and ACD Programming skill
Must have strong working knowledge/expertise on AVAYA AURA, Communication Manager, Session Manager, Session Border Controller, Avaya Aura Messaging, Avaya Aura Contact Center (AACC), Workforce Optimization (WFO), Aspect Workforce Management (WFM), Call Back Functionalities,
Strong working knowledge and experience with carrier voice service offerings (1FL, T1, DS1, DS3, ISDN BRI/PRI, MPLS, SIP, local and toll-free services/features)
Working knowledge and experience with IVR, speech recognition, speech analytics, Performance/Quality Management, and predictive dialing systems
Solid knowledge of VoIP, SIP, H.323, G.711, G.729, G.722, RTP, RTCP, UDP and TCP/IP networking protocols
Our Commitment
We are an equal opportunity employer and are committed to providing employment accommodation in accordance with the Ontario Human Rights Code and the Accessibility for Ontarians with Disabilities Act, 2005 (AODA). CAA CCG will provide accommodations to job applicants with disabilities throughout the recruitment process. If you require an accommodation, please notify us and we will work with you to meet your needs."
"Power System Analyst - Mississauga, ON - Indeed.com","Power System Analyst will report to the Engineering Manager, Performance, Applications and Integration
This position exists across multiple areas in Market and System Operations, with materially similar accountabilities and skill requirements. In addition to detailing common duties, this job document identifies area specific expectations that assist incumbents and managers in understanding specific expectations for that area.
Possibility of 2 open positions available
Job Description
(Key responsibilities):
The power system analyst assists in conducting studies, analysis and application of specialized technology the field of power systems in support of real-time operations, operations planning or planning activities. Assist in the provision of analytical and technical support as needed for policies, operating agreements, equipment specifications, operational and outage plans and system investments. Assist with model development, studies and analysis that:
contribute to the production of Operating Instructions (including System Control Orders and on-demand limits);
support IESO security, adequacy and operability obligations found in the Market Rules and in applicable NERC and NPCC reliability standards;
assess the impact on reliability and validate performance of new or modified facilities impacting the IESO-controlled-grid;
develop and update models, data and security applications for existing, new or modified facilities;
support online and off-line security model management (models, data, and security applications); and,
support the coordination with neighboring entities on NERC, NPCC and regional market in the area of reliability matters.
Assist in technical studies and analysis to resolve inquiries and support real-time operations, operations planning or planning functions through analysis and application of highly specialized technology in the field of power system operation in areas that may include.
Receive assignment from the Sr. Power System Engineer, Engineering Supervisor, Engineering Manager, and/or Senior Manager in detail on specific problems related to assigned areas of work.
Limit Derivation and Outage Integration Role:
Through technical studies, identify bounds of operations and define critical parameters in the power system for all time frames within the normal scope of coverage. Produce reports to support findings and recommendations.
Through technical studies, identify power system operating limits and operating instructions in support of real-time, operations planning and long-term planning using appropriate study criteria within the normal, high-risk and emergency system conditions.
As required, assist with deriving limits and operating instructions within the normal scope of coverage and for forced/planned outages in all time frames, including the provision of TTC/ATC to facilitate the energy markets, capacity/demand response auctions, and transmission rights markets.
Assist with the update, maintenance and accuracy of operating limits to support reliability monitoring and security constrained economic dispatch (market) systems through applicable contingency analysis software and instructions used by off-shift and on-shift staff.
Assist with the supporting real-time monitoring tools as they related to system and market operations.
Assist with outage integration reviews and reporting for system security and adequacy with the purpose of accepting or rejecting outage requests from market participants and neighbouring entities. Coordination between participants, neighbouring entities, or with the IESO maybe be required.
Assess Power System Change Role:
Assist with System Impact, Technical Feasibility and de-registration assessments to evaluate the reliability and operability impact of a new or modified connection, or a disconnection, on the integrated power system using applicable IESO, NERC and NPCC reliability standards.
Assist with the preparation of reports containing the results of the study, any required system upgrades and connection requirements, and a recommendation for the IESO to issue a notice of approval or disapproval for the new or modified connection.
Validate registration data based on information initially submitted for assessment. Assist with the reassessment of the proposed connection if the registration data differs materially from the configuration or technical parameters that were used by the IESO to approve the new or modified facility.
Provide support for regional and bulk power system planning, for preparation of evidence required by connection applicants to obtain the OEB’s leave to construct and for inquiries from neighboring jurisdiction as they relate to connection assessments.
Assist with technical studies to support the IESO's initiatives for evolving the policies related to the operations and evolution of the IESO-controlled grid and the IESO-administered markets.
Modelling and Validation Role:
Assist with the development of base cases to support Ontario and regional reliability studies by the IESO, participants and other external organizations.
Assist with the development and maintenance of suitable models to support the IESO’s Energy Management and Market Systems to enable the applicable real-time and day-ahead operations.
Assist with the maintenance and support the IESO’s contingency analysis software used by off-shift and on-shift staff.
Assist in specifying and reviewing the results of tests to confirm that facilities connected to the IESO- controlled grid satisfy the IESO’s performance requirements. Based on the results of performance tests, investigate transmission and generation models suitable for planning and operating studies.
Compliance Studies Role:
Validate and support standards compliance as well as industry best practices by supporting the necessary technical studies to assess the security of the IESO-controlled-grid and surrounding region under various system conditions. Assist with joint studies to review the utilization of resources on the interconnected system to achieve maximum economic gain and operating flexibility.
Support the SPS/RAS classification processes.
Common Role:
Support IESO security, adequacy and operability obligations found in the Market Rules and in applicable NERC and NPCC reliability standards.
Provide information gathering support the preparation and delivery of reliability compliance evidence, including work procedures, RSAWs, market manuals, and training material.
Perform other duties as required.
Selection Criteria:
Education:
Requires engineering knowledge of electrical theory, power system analysis and control, mathematics, computers science and the like to carry out engineering, economic or analytical studies related to the management and control of the bulk power system. Requires knowledge of technical writing to prepare effective reports.
This knowledge is acquired through the completion of an engineering/applied sciences degree from an accredited university or by having the equivalent education.
Must be able to obtain a professional engineering license from Professional Engineers Ontario within a reasonable period of time, with a competency in the field of electrical engineering.
Experience:
Requires experience such as might be gained in the energy industry to become familiar with the general system operation, organizational structure to establish a broad base of contacts. Requires experience to become familiar with the nature of studies and investigations carried out by the different sections and groups of the organization. Requires further on the job experience to become familiar with methods and practices associated with the work functions.
A period of over 4 years and up to and including 6 years is considered necessary to gain this experience.
Core Competencies:
Functional/Technical Skills
Customer Focus
Approachability
Problem Solving
Action Oriented
Learning on the Fly
Informing
Self-Development
Core Values:
Team and Collaboration
Openness to Change
Expertise with Humility
Genuine Caring
Commitment & Accountability
Purposeful Engagement
What the IESO Offers:
Competitive market wages
Comprehensive benefit programs
Programs and policies to support a balanced lifestyle
A challenging fast-paced team environment
Opportunity to work with some of the brightest people in the industry
While we appreciate your submissions, we regret that we can only contact those candidates selected for interviews.
We thank all candidates for their interest in opportunities with the IESO. Be sure to follow us on
LinkedIn
.
The IESO is an equal opportunity employer.
Please note the successful candidate must be eligible to work in Canada and will be subject to a background check."
"Actuarial Analyst - North Vancouver, BC - Indeed.com","At ICBC, it’s our job to make sure the car insurance system works for all British Columbians, today and in the future. If you want
to make the most of your skills and expertise while growing your career, we want you. A career at ICBC is an opportunity to be
part of a talented, diverse and inclusive team that is driven to serve its customers and community. You can expect a competitive
salary, comprehensive benefits and a collaborative work environment. If you are reliable and dependable, contact us today to be
part of our talented and diverse team as we work together to create an insurance system we can all be proud of.
We welcome applications from all qualified job seekers. If you are a job seeker with a disability, please let us know as
adjustments can be made to help support you in delivering your best performance.
Actuarial Analyst
Job Title:
Actuarial Analyst I Reference Number: 115134
Location:
North Vancouver Employment Type: Permanent Full Time
Hours of Work:
7.5 hr Day Shift (M-F) Posted Date: 2021/11/04
Position Highlights
If you are interested in working for a reputable and leading insurer, ICBC is looking to bring an Actuarial analyst to their product
and rate design team. Working within our larger Insurance Pricing and Regulatory Affairs department.
The product and rate design team is responsible for creation and implementation of various modelling/technology based
solutions, pricing recommendation for existing and new products. The team supports the Personal and Commercial Insurance
business on developing short and long term rate design strategies as well as assisting the corporation to make data driven
decisions.
As part of the product and rate design team, you will be expected to leverage your skills to create and enhance current predictive
models. These actuarial concepts need to be communicated to senior leaders that will ultimately improve strategic and tactical
decision making to support ICBC’s ability to achieve corporate priorities. You will require a high level of liaison with members of
different functional units and modelling teams to coordinate sharing of best practice and expertise.
Position Requirements
Known for being a team player, you have excellent analytical skills and critical thinking will be complemented by effective
communication skills and creativity in tackling complex business problems.
Effective time management skills.
Strong knowledge of data extraction, exploration and analysis tools such as SQL, R, SAS and Tableau is essential. Ability to
work with structured and unstructured data.
Provide support to the wider ICBC data strategy.
Associate of Casualty Actuarial Society (or other recognised society) or a Bachelor’s degree in a relevant field that may include
computer science, actuarial science, statistics or mathematics.
Proven proficiency in actuarial pricing concepts/methodologies including experience with generalised linear modeling and
Insurance industry experience is a plus.
What we offer:
Competitive Salary & Benefits: We are committed to providing industry competitive salary and benefits.
Continuous Training: We offer continuous in-house training to ensure you are equipped with the knowledge to be successful in
your role.
Flexible Working Arrangements: We offer flexible working arrangements as we continue to support our employees in balancing
their career and family commitments.
COVID-19 safety protocols: We comply with WorkSafeBC and the health authorities of British Columbia to ensure your safety
and wellbeing.
Engaging Culture: We promote an inclusive and diverse work environment.
We look forward to discussing what options we can provide for your unique needs.
We welcome applications from all qualified job seekers. If you are a job seeker with a disability, please let us know as
adjustments can be made to help support you in delivering your best performance.
Only candidates legally entitled to work in Canada will be considered for this position."
"Systems Analyst - Edmonton, AB - Indeed.com","Are you ready for CGI? We are ready for you!
We offer an exciting corporate environment where you will develop your career in a meaningful way and be part of our hardworking and dedicated team. Reach your full potential thanks to learning materials & training, mentoring & coaching, as well as ongoing recognition and feedback programs and career opportunities! Our benefits include a share purchase plan, a profit sharing program, wellness credits and flexible schedules that guarantee a good work-life balance.
Here is a superb opportunity to become a member of our CGI Edmonton team and provide information technology services to our clients! Our diverse team has more than 400 members and our expertise lies in delivering sophisticated projects and application maintenance to our clients.
We are seeking a Systems Analyst to help our clients solve their business problems via a portfolio of IT projects.
Build your career with us.
It is an extraordinary time to be in business. As digital transformation continues to accelerate, CGI is at the center of this change—supporting our clients’ digital journeys and offering our professionals exciting career opportunities.
At CGI, our success comes from the talent and commitment of our professionals. As one team, we share the challenges and rewards that come from growing our company, which reinforces our culture of ownership. All of our professionals benefit from the value we collectively create.
Be part of building one of the largest independent technology and business services firms in the world.
Learn more about CGI at www.cgi.com.
No unsolicited agency referrals please.
CGI is an equal opportunity employer. In addition, CGI is committed to providing accommodations for people with disabilities in accordance with provincial legislation. Please let us know if you require a reasonable accommodation due to a disability during any aspect of the recruitment process and we will work with you to address your needs.
Your future duties and responsibilities
Updating and testing configurations to a COTS product
Analyzing and responding to support issues
Impact and requirements analysis
Deploying system changes to multiple environments
Identify and communicate recommendations to Team Lead
Facilitating demonstrations to clients
Analyzing and implementing process improvements
Monitoring servers
Required qualifications to be successful in this role
Successful graduation from a 2-year diploma program or better in Computer Science/Information Technology
3+ years related IT experience
Experience in analysis, design and maintenance or development of application systems using the technologies described:
Java
SQL
Version Control Software
JavaScript
HTML
Web Services
Professional Attributes:
Excellent verbal and written communication skills
Strong problem solving skills. Comfortable investigating data, documents, and code in order derive solutions
Ability to balance workload involving new activities and changing priorities
Work within and contribute to a team environment
Ability to take ownership over a piece of work and see it through to successful completion
Develop positive relationships with the client
Succinctly articulate operational aspects of environment to the client
Nice to have:
Ability to recognize opportunities for improvement, including security, scheduling, load balancing, and resource optimization
Proficient in interrogating data with SQL and navigating in an Intel environment
Participated in all aspects of process lifecycle, including: scoping and estimation, requirements and analysis, development and testing, implementation
Ability to take ownership of a process and improve it with guidance from senior team members
Ability to effectively write technical, informational or process documentation
Desired experience with one or more of the following tools:
Transact SQL
Team Foundation Server
GIT for version control
Crystal Reports
Yellowfin Reporting
JIRA
ITSM Ticketing System
Experience working with COTS Applications (specifically the Amanda tool by the vendor Calytera / Granicus)
#LI-AJ1"
