Title,Description
"Infirmier(ère) - Saint-Jérôme, QC - Indeed.com","Nous recrutons pour les postes d'infirmiers(ères) pour travailler dans la région des Laurentides :
Saint-Jérôme, Lachute, Mirabel, Sainte-Agathe-des-Monts, Saint-Eustache.
Rôles :
Évalue l’état de santé d’une personne et analyse les situations de soins.
Conçoit, définit et planifie des projets de soins personnalisés.
Dispense des soins de nature préventive, curative ou palliative visant à promouvoir, maintenir et restaurer la santé.
Réalise l’éducation thérapeutique et l’accompagnement des patients.
Avantages :
- Salaires avantageux
- Plusieurs quarts disponibles
- Prime de référencement disponible
IMPORTANT : Vous ne devez pas avoir de lien d'emploi avec le public
Type d'emploi : Temps Plein, Permanent
Salaire : 54,00$ à 56,00$ par heure
Avantages :
Horaires flexibles
Horaire :
Disponibilité la fin de semaine
Formation:
DEC (Souhaité)
Expérience:
infirmier: 1 an (Souhaité)
soins infirmiers: 1 an (Souhaité)
Télétravail:
Non"
"CHEF D'UNITÉ DE SOINS INFIRMIERS - PÉRIOPÉRATOIRE, CDJ ET ACCUEIL CHIRURGICAL - CONCOURS 2021-2302 - Quebec City, QC - Indeed.com","POSTE PERMANENT À TEMPS COMPLET
CHEF D'UNITÉ DE SOINS INFIRMIERS - PÉRIOPÉRATOIRE, CHIRURGIE D'UN JOUR ET ACCUEIL CHIRURGICAL
Direction chirurgie et périopératoire (DCP)
Concours ouvert à tous – 1er et 2e affichage combiné
Tout en considérant prioritairement les cadres en replacement ainsi que les candidats du réseau, ce concours est ouvert à tous.
Sommaire des responsabilités :
Sous l’autorité immédiate de la coordonnatrice du bloc opératoire, de la salle de réveil, de la clinique préopératoire et de la chirurgie d’un jour du CHUL, le chef d’unité a la responsabilité de planifier, d’organiser et de coordonner les activités opérationnelles quotidiennes en matière de gestion des ressources humaines et du contrôle des activités touchant l’organisation des services et la gestion des soins à la clientèle. Parmi ces principales fonctions, il aura la responsabilité de la clinique préopératoire, de la chirurgie d’un jour et de l’accueil chirurgical où il devra travailler en cogestion médicale de façon soutenue. Il assurera également des fonctions opérationnelles au bloc opératoire en collaboration avec la coordonnatrice, ainsi qu’avec ses collaborateurs médicaux. En collaboration avec l’adjointe au directeur - volet trajectoires de soins, la monitrice clinique et les assistantes infirmières-chefs des secteurs périopératoires, il voit à la planification des activités entourant les programmes de formation du personnel du bloc opératoire, de la clinique préopératoire et de la chirurgie d’un jour. Il participe à l’évaluation et au suivi de la qualité des soins dispensés.
En collaboration avec la coordonnatrice du bloc opératoire, la conseillère en soins infirmiers et responsable de l’accès aux services spécialisés pour la chirurgie et avec la directrice adjointe périopératoire et URDM, il s’implique activement dans les dossiers concernant l’accès en chirurgie, l’efficience et l’optimisation des processus au bloc opératoire, à la clinique préopératoire et en chirurgie d’un jour pour tout ce qui touche la gestion des ressources humaines, matérielles, financières et informationnelles. Il veille au respect des mécanismes d’accès et des délais y étant rattachés. La personne titulaire de ce poste travaille également en étroite collaboration avec les acteurs impliqués dans toute la trajectoire chirurgicale (activités préopératoires, activités périopératoires, unités de soins, conseillère en soins infirmiers, responsable de l’accès aux services spécialisés pour la chirurgie, etc.).
Exigences :
Formation :
o Diplôme d’études universitaire de 1er cycle en sciences infirmières ou l’équivalent ou être en voie de l’obtenir.
Certification professionnelle :
o Être membre en règle de l’Ordre des infirmiers et infirmières du Québec (OIIQ).
Connaissances pratiques :
o Posséder une expérience clinique de trois (3) années ainsi que deux (2) années d’expérience en gestion d’équipes de travail en soins de courte durée et de préférence dans un bloc opératoire ou autres secteurs connexes.
Qualités personnelles et professionnelles :
o Être un leader mobilisateur;
o Agir dans la complexité;
o Exercer une saine gestion des ressources et de la performance;
o Être un collaborateur et un partenaire;
o Avoir une saine gestion de soi;
o Être un facilitateur de changements;
o Communiquer habilement;
o Démontrer une approche client proactive.
Les diplômes exigés pour l'emploi, qui auraient été obtenus hors Québec, doivent être obligatoirement accompagnés d'une évaluation comparative des études effectuées hors Québec (ÉCEEHQ) émise par le ministère de l'Immigration et des Communautés culturelles du Québec.
Remarques :
Toute demande d'emploi doit être accompagnée des documents attestant que les exigences de l'emploi sont respectées: copie de diplômes et /ou relevés de notes, curriculum vitae, copie d'attestation, s'il y a lieu.
Nous remercions toutes les personnes qui poseront leur candidature, mais nous communiquerons uniquement avec celles retenues pour une entrevue.
Le CHU de Québec-Université Laval applique un programme d'accès à l'égalité et invite les femmes, les membres des minorités visibles et ethniques, les autochtones et les personnes handicapées à présenter leur candidature. Des mesures d'adaptation pourront être offertes, sur demande, selon la situation."
"Nurses RN & RPN - Orleans, ON - Indeed.com","Orleans Family Health Clinic is looking for experienced nurses, RN & RPN.
We are accepting applications for nurses both RN & RPN to support the physician practices. Other responsibilities include providing patients with injections, immunizations, prenatal visits, ordering medical supplies, etc.
Benefits:
We allow you to practice medicine at your own pace
Well-trained, experienced and efficient staff to properly care for patients
In-house practice support from specialists, colleagues and allied health professionals.
Collegial, efficient, composed and professional environment.
Flexible hours
Free Parking
Access to Public Transit"
"REGISTERED NURSE, RPTA - Welland, ON - Indeed.com","Working to promote nursing excellence, quality patient/client-centered care and high professional standards, the Registered Nurse will be responsible for the assessment, nursing diagnosis, integrated care plan development, implementation and evaluation of nursing care. The objective of the Registered Nurse is to provide safe and competent care through the application of nursing knowledge, the technical aspects of professional practice and the demonstration of compassion, professionalism and respect. The incumbent will perform all other relevant duties assigned to ensure the efficient operation of the unit to which s/he is assigned. The successful candidate's home site will be the Site listed above and must be willing to work at two or more sites.
QUALIFICATIONS:
o Current registration with the College of Nurses of Ontario
o Two years related clinical experience in the past five years in hemodialysis
o Current BCLS certification
o Certification in advanced nursing skills related to hemodialysis
o Demonstrated knowledge and skill in physical assessment
o Performs to the full scope of practice as outlined by the College of Nurses of Ontario
o Current knowledge of the pathophysiology of the Kidney Care Program
o Demonstrated knowledge, skill and judgment in the application of hemodialysis
o Demonstrated knowledge and understanding of nursing standards as they apply to the care of patients/clients with Chronic Kidney Disease
o Demonstrated commitment to patient/client centred care
o Applies leadership skills by providing, facilitating and promoting quality patient care
o Demonstrated ability to perform effectively as most responsible nurse in a total patient care model
o Demonstrated commitment to patient and family education and the ability to promote health and wellness
o Evidence of accurate, timely and appropriate documentation according to best practice guidelines and CNO standards
o Applies knowledge, skills, judgment and competencies required for safe practice as outlined by the College of Nurses of Ontario
o Consistent and regular attendance required
o Proficiency in both official languages (English and French) will be considered an asset
o Vaccines (COVID-19 and others) are a new hire requirement of the job unless you have an exemption based on medical or on a ground pursuant to the Ontario Human Rights Code.
Recruitment Specialist: Emily Fabiano
It is Niagara Health policy to give consideration to qualified internal applicants.
We are especially interested in connecting if you...
Value diversity, equity and inclusion;
Are excited about being part of a respectful and hard-working team in the beautiful Region of Niagara;
Identify as a member of one or more of the following groups: equity-seeking group, Indigenous persons, persons with disabilities, persons of diverse sexual orientations and gender identities and all others who may contribute to the further diversification of ideas.
Have background or expertise in the healthcare environment, supporting patient care and providing extraordinary customer-service
In accordance with the Accessibility for Ontarians with Disabilities Act, 2005 and the Ontario Human Rights Code, Niagara Health will provide accommodations through the recruitment process to applicants with disabilities. If selected to participate in the recruitment and selection process, please inform Human Resources of the nature of any accommodation(s) that you may require in respect of any materials or processes used to ensure your equal participation."
"Registered Nurse, 6 North Ambulatory, Hematology Clinic( - Halifax, NS - Indeed.com","Department/Program:
6 N Hem/Onc Ambulatory, Children's Health Program
Type of Employment:
Temporary Hourly PT long-assignment (90% FTE) until 08/09/2022 x 1 position(s)
Req ID:
122722
Union Status:
NSNU Nursing, Nursing Bargaining Unit
Compensation:
$35.2108
-
$42.9366 /hour
Posting Date:
November 17, 2021
Closing Date:
November 22, 2021
Start Date:
ASAP
IWK Health is an internationally recognized and respected academic health sciences centre located in Halifax, Nova Scotia, providing tertiary and primary care for two million women, children, youth and families across the Atlantic region. IWK Health is committed to employment equity and the reduction of barriers to employment and career growth. We encourage all who self-identify as Indigenous, Black/African Nova Scotians, Persons of Colour, Immigrants, Persons with Disabilities, 2SLGBTQIA+ to apply.
Position Summary
: Reporting to the Manager of 6 North Ambulatory, the Clinical Care Provider is a member of an interdisciplinary care team, providing holistic, comprehensive evidenced based care to meet the needs of individuals, families and/or communities for the Hematology population. The CCP provides leadership in nursing assessment, and the planning, implementation and evaluation of patient/family care for the purpose of promoting, maintaining or restoring health, preventing illness, injury, and disability or supporting a peaceful death. The CCP provides care in collaboration with the patient and family, other nurses and health team members throughout all stages of health and complexities of illness. The CCP builds professional relationships with other nurses and health team members to support the work of a strong interprofessional team and provision of quality patient/family care. The CCP ensures the goals and needs of the patients and families are prioritized and individualized, using nursing knowledge, critical thinking and clinical judgment. The CCP engages in independent, interdependent and dependent functions to provide healthcare focusing on comprehensive assessment, patient/family education, and coordination of care. The CCP helps to build our reputation for excellence in the Maritime community and beyond. He/she contributes to a sustainable health care system through formal and informal partnerships. The CCP pursues excellence in care, teaching and research through a spirit of inquiry, discovery and innovation, leveraging our reputation and influence to advocate for health. The CCP practices according to the Canadian Nurses Association Code of Ethics for Registered Nurses, the College of Registered Nurses of Nova Scotia Standards of Nursing Practice, specialty standards as applicable and the policies and procedures of the IWK. The Staff Nurse/Clinical Care Provider will be responsible and accountable for establishing and maintaining a leadership role as the liaison person between the interdisciplinary Hematology/ Oncology Service, other Health Centre services and community resources in the delivery of family-centered patient care consistent with the objectives and vision of the IWK Health Centre.
Hours of Work
Monday to Friday; 7.5 hour shifts; 0800-1600 or 0900-1700
Qualifications
Graduate of an accredited School of Nursing Program
Licensed or eligible for licensure by the College of Registered Nurses of Nova Scotia
Minimum three (3) years recent pediatric experience required.
Recent pediatric hematology/oncology experience preferred.
Previous experience in patient/ staff education required.
Current successful completion of CPR Level-C Healthcare Provider within the last 12 months required.
Oncology certification or enrollment in certification process an asset.
APHON Chemotherapy Biotherapy Provider Status an asset.
Previous experience as a Clinical Care Provider an asset.
Experience with program development preferred.
Demonstrated experience in organization and coordination of care for patients/ families, including experience with transition of care, discharge planning and inter-agency coordination required.
Demonstrated leadership, communication and interpersonal skills, with an ability to interact not only with interdisciplinary team members but also with community partners in health required.
Demonstrated ability to function in and manage multiple priorities within complex systems required.
Flexibility required for occasional weekend coverage in order to meet workload demands.
Competency in other languages an asset; French preferred.
Thank you for your interest in IWK Health. We will only contact those applicants selected for interview/testing. Applicants we invite to participate in an assessment process (such as an interview or testing) have the right to request accommodation. Please discuss your needs when invited to the assessment process.
Please note: our offer of employment is conditional upon the completion and satisfactory results of all applicable background checks and confirmation of credentials.
Additionally, as per Nova Scotia’s COVID-19 Vaccine mandate, any offer of employment will be conditional upon submitting proof of full vaccination status. Medical exceptions or any other kind of requested exception based upon the Health Centre’s obligations pursuant to the Nova Scotia Human Rights Code will be considered on a case-by-case basis.
*_
Applications are accepted until 11:59 PM on the Closing Date._*
Thank you for your interest with IWK Health. Please sign in to create a profile and set-up Job Alerts for positions of interest.
*_
I
**
f you are an employee of IWK Health
**
, please apply through the
**
internal careers page
**
to ensure you are flagged as an internal applicant.
**
Applications are accepted until 11:59 PM on the Closing Date._*
Job Type: Full-time"
"Registered Nurse - Med/Surg Neuro ICU - Halifax, NS - Indeed.com","Req ID:
123198
Company: Nova Scotia Health
Location:
Central
* Zone,
*Halifax Infirmary Robie Street Entrance - QEII
Department:
OPCZ CRIT Nu Med Surg Neuro Icu
Type of Employment:
Permanent
Hourly FT
* (
*100%
* FTE) x
*1
* position(s)*
Status:
NSGEU Nursing
* position*
Posting Closing Date:
29-Nov-21
Nova Scotia Health is the largest provider of health services in Nova Scotia, with some specialized services also offered to clients throughout Atlantic Canada. We’re on a mission to achieve excellence in health, healing and learning through working together, which is reflected in the hospitals, health centres and community-based programs we operate across the province. Our passionate team of professionals provides a variety of high-quality inpatient and outpatient services including academic, tertiary, and quaternary care, as well as continuing care, primary health care, public health, and mental health and addictions. Join a diverse team of innovators, collaborators and creative thinkers today.
Nova Scotia Health employs professionals in all corners of our beautiful province. We believe there's a place here for everyone to call home, from vibrant cities with exuberant nightlife to quaint towns with picturesque trails. The work-life balance that comes with an Nova Scotia Health role means you'll have the time to explore, discover, and participate in that coveted Atlantic lifestyle. Visit us today and check out www.novascotia.com to see why more people from across the globe are moving here.
Recruitment Incentives Available
Successful candidates may be eligible for a signing bonus and/or relocation assistance based on qualifying criteria, conditional upon the signing of a Return of Service Agreement.
*
Responsibilities*
The Registered Nurse (RN) utilizes the nursing process, critical thinking and problem-solving skills to provide holistic care to individuals, families, groups, communities and populations across the life span. The RN is responsible for the overall coordination and direction of nursing care, and provides clinical leadership, particularly in complex or unpredictable patient/client care settings. The RN has the knowledge, skill and judgment needed to provide competent, evidence-based nursing practice. The RN is accountable for the development, implementation and ongoing evaluation of the plan of care to achieve patient/client outcomes. The RN supports the development of students and colleagues by acting as a preceptor and providing ongoing mentorship and contributes to the efficient and effective functioning of the unit, coordination of patient care and staffing.
The RN accepts responsibility for maintaining and continually enhancing competencies through ongoing professional development including participation in education programs, research and continuous quality activities. The RN practices according to the Canadian Nurses Association Code of Ethics for Registered Nurses, the Nova Scotia College of Nursing (NSCN) Standards of Nursing Practice, specialty standards as applicable and the policies and procedures of Nova Scotia Health Authority.
Qualifications
Graduate of an accredited school of nursing and be eligible for registration in Nova Scotia
One - Three years critical care experience required
Previous medical/surgical/neuro critical care nursing experience preferred
Completion of Critical Care nursing course
Neurosurgery and trauma experience is an asset
Demonstrated strong interpersonal and communication skills
Experience caring for cardiac patients an asset
Current BLS certification
Competencies in other languages an asset, French preferred
PLEASE NOTE: Applicants relying on education and experience equivalencies must clearly state such equivalencies in their cover letter, resume, or application. Candidates will not be considered for an interview if applications are incomplete or are missing information.
Salary Information
$35.0366 - $41.4138 hourly
($42.8633 hourly with 25 years of RN experience)
Hours of Work
Permanent, full-time position; 75 hours biweekly
Once You've Applied
Thank you for your interest in this position. Only those applicants selected for an interview will be contacted. Some opportunities may be eligible for our Employee Referral Program. If a Nova Scotia Health employee refers a candidate who is not working for the organization and the candidate is hired, the employee who made the referral may be eligible to earn up to $1000. For more details and instructions, please visit please visit Recruitment - Incentives
This is a Nursing bargaining unit - NSGEU position. Preference is given to bargaining unit employees for unionized positions. Employees are encouraged to view their seniority hours and dates in their SuccessFactors online profile. Successful applicants changing unions, bargaining units or employment status, are advised to seek clarification regarding their seniority, benefits, and vacation entitlement and/or usage, prior to accepting the position.
As per the COVID-19 Mandatory Vaccination Protocol in High-Risk Settings, Nova Scotia Health requires all team members to be fully vaccinated by November 30th, 2021.
Nova Scotia Health is committed to being a workforce that is free of discrimination, values diversity and is representative, at all job levels, of the people we serve. Our priority groups are Indigenous People, African Nova Scotians, People of Colour, Persons with Disabilities, 2SLGBTQIA+ and Immigrants. Members of these groups are welcome to apply and self-identify if they wish to be considered under our Employment Equity policy.
*
Follow Us!*
https://www.facebook.com/NovaScotiaHealthAuthority/
https://www.instagram.com/novascotiahealthauthority
https://www.linkedin.com/company/nsha/
https://twitter.com/healthns
Job Type: Full-time"
"Registered Nurse- Full time job in Ottawa - Ottawa, ON - Indeed.com","RNs
record patients' medical histories and symptoms
, help perform diagnostic tests and analyze results, operate medical machinery, administer treatment and medications, and help with cases follow up and rehabilitation.
Job Types: Full-time, Temporary
Salary: $80.00 per hour
Schedule:
8 hour shift
Education:
Bachelor's Degree (preferred)
Licence/Certification:
Registered Nurse (RN) License (preferred)
Work remotely:
No"
"LAVAL - Infirmier (ière) auxiliaire - Garantie d'heure - Laval, QC - Indeed.com","Le Groupe Champlain inc. est un regroupement de treize (13) centres d’hébergement privés conventionnés situés dans plusieurs régions du Québec. Plus que jamais, Groupe Champlain entend devenir la référence première au Québec reconnue pour son humanitude et l’excellence opérationnelle de son continuum de services. Groupe Champlain est une organisation apprenante qui développe la capacité de se transformer, à s’adapter pour innover dans la réalisation de sa mission, éléments par lesquels se définit sa philosophie de gestion. Groupe Champlain en appel à l’engagement de tous dans le développement de ces capacités en comptant sur la synergie de toutes ses équipes de travail, en relation avec la clientèle et ses proches.
Description :
Notre centre Champlain-de-Saint-François, situé aux abords du vieux Terrebonne, propose à sa clientèle un cadre de vie agréable et familiale avec des commerces et des restaurants de proximité
Profil recherché
Notre équipe et nos 53 résidents sont présentement à la recherche d'un (e)
INFIRMIER(ÈRE) AUXILIAIRE - Garantie d'heure
incarnant des valeurs de bienveillance, d’excellence, de cohérence, d’ouverture et de transparence.
Vous aimez travailler en équipe et avez un bon sens relationnel ?
Vous êtes dynamique, capable de prendre des initiatives et avez le sens des responsabilités ?
Si c’est le cas, n’hésitez pas à nous rejoindre, nous partageons la même philosophie !
Prenez soin de nos résidents en :
Participant à la réalisation d’un ensemble de soins infirmiers en collaboration avec l’équipe de soins ;
Contribuant à l’évaluation de l’état de santé du résident et à la réalisation de son plan de soins ;
Prodiguant des soins et des traitements infirmiers et médicaux et de bien-être à la fois préventifs et curatifs.
En participant à l’éducation thérapeutique de nos résidents et de leurs proches.
Rejoignez-nous et bénéficiez des avantages et privilèges suivants :
Faire partie d’un Groupe agrée avec « mention » par Agrément Canada et donc reconnu pour sa qualité de services au-delà des exigences.
Rejoindre un établissement chaleureux et familial, favorisant l’entraide et le travail d’équipe.
Notre gestion de proximité permet à nos employés d’être créatifs et de participer à la vie du centre.
Formation continue durant toute votre carrière à nos côtés.
Vous bénéficierez des mêmes conditions de travail et avantages sociaux que dans le réseau public de la santé (Salaire de 22,59$ à 30,46$, régime de retraite et d’assurances collectives avantageux, 4 semaines de vacances annuelles, 13 congés fériés par année…)
Exigences :
Nous recherchons avant tout une personne autonome, fiable, aimant « soigner et prendre soin » des résidents et ayant envie de travailler en équipe pluridisciplinaire.
En tant qu’infirmier auxiliaire spécialisé en gériatrie, vous devrez avoir une approche globale en prenant en compte les dimensions polypathologiques, biologiques, psychologiques, sociales et culturelles du résident.
Détenir un permis d’exercice de l’Ordre des Infirmières et Infirmiers auxiliaires du Québec (O.I.I.A.Q) ;
Détenir un diplôme d’études professionnelles (DEP) en santé, assistance et soins infirmiers ;
Posséder une expérience en soins de longue durée (atout) ;
Les retraités, jeunes diplômés infirmiers et étudiants en attente de l'examen de l'Ordre sont les bienvenues dans notre établissement.
Le générique masculin est utilisé sans aucune discrimination et a pour seul but l’allégement du texte.
Nous souscrivons au principe de l’accès à l’égalité. Les candidatures des minorités visibles, des minorités ethniques, des autochtones, des personnes handicapées et des femmes sont encouragées. Des mesures d’adaptation peuvent être offertes aux personnes handicapées en fonction de leurs besoins.
Remarques :
Nous remercions toutes les personnes qui poseront leur candidature, mais ne communiquerons qu’avec celles retenues pour une entrevue.
Groupe Champlain applique un programme d'accès à l'égalité en emploi et invite les Autochtones, les minorités visibles, les minorités ethniques, les femmes et les personnes handicapées à présenter leur candidature. Les personnes handicapées peuvent également nous faire part de leurs besoins particuliers relativement au processus de sélection pour l'emploi sollicité afin de faciliter l'étude de leur candidature.
Type d'emploi : Temps Plein, Temps Partiel
Salaire : 22,59$ à 30,46$ par heure"
"Registered Nurse - Pediatrics - Sydney, NS - Indeed.com","Nova Scotia Health employs professionals in all corners of our beautiful province. We believe there's a place here for everyone to call home, from vibrant cities with exuberant nightlife to quaint towns with picturesque trails. The work-life balance that comes with an Nova Scotia Health role means you'll have the time to explore, discover, and participate in that coveted Atlantic lifestyle. Visit us today and check out www.novascotia.com to see why more people from across the globe are moving here.
Responsibilities
The RN practices within the Nova Scotia College of Nursing (NSCN) Standards of Nursing Practice for Registered Nurses and the Canadian Nurses Association Code of Ethics. The RN is responsible and accountable for the nursing care of an assigned group of patients and their families, provides guidance and leadership to peers and other staff, and works in a collaborative relationship with colleagues, unit staff, students and members of related health disciplines.
Qualifications
Registered with the Nova Scotia College of Nursing (NSCN)
Current BLS certification
PALS (Pediatric Advanced Life Support) or a commitment to complete the next available course
Breast Feeding Program or willingness to complete within six (6) months
Six (6) months pediatrics experience in the last three (3) years required
One (1) year acute care nursing experience
Demonstrated ability to communicate effectively both orally and in writing
Evidence of ongoing relevant education
Demonstrated good interpersonal skills, and ability to maintain good relationships with patients/residents, families and co-workers
Demonstrated physical ability to perform the duties of the position
Good attendance and work record; attendance records may be reviewed
Competencies in other languages an asset, French preferred
Successful Applicants are required to provide a criminal record check (including Vulnerable Sector Search) to People Services before starting employment and assume any associated costs as a condition of employment
PLEASE NOTE: Applicants relying on education and experience equivalencies must clearly state such equivalencies in their cover letter, resume, or application. Additionally, candidates will not be considered for an interview if applications are incomplete or are missing information.
Hours of Work
Short assignment, full-time position, 75 hrs bi-weekly
Beginning as soon as possible with an expected end date of April 19, 2022 (Approximately 5 months)
Dates are subject to change
Salary Information
$35.21 - $41.48
($42.94 with 25 years RN experience).
Once You've Applied
Thank you for your interest in this position. Only those applicants selected for an interview will be contacted. Some opportunities may be eligible for our Employee Referral Program. If a Nova Scotia Health employee refers a candidate who is not working for the organization and the candidate is hired, the employee who made the referral may be eligible to earn up to $1000. For more details and instructions, please visit please visit Recruitment - Incentives
This is a Nursing bargaining unit - NSNU position. Preference is given to bargaining unit employees for unionized positions. Employees are encouraged to view their seniority hours and dates in their SuccessFactors online profile. Successful applicants changing unions, bargaining units or employment status, are advised to seek clarification regarding their seniority, benefits, and vacation entitlement and/or usage, prior to accepting the position.
As per the COVID-19 Mandatory Vaccination Protocol in High-Risk Settings, Nova Scotia Health requires all team members to be fully vaccinated by November 30th, 2021.
Nova Scotia Health is committed to being a workforce that is free of discrimination, values diversity and is representative, at all job levels, of the people we serve. Our priority groups are Indigenous People, African Nova Scotians, People of Colour, Persons with Disabilities, 2SLGBTQIA+ and Immigrants. Members of these groups are welcome to apply and self-identify if they wish to be considered under our Employment Equity policy.
Follow Us!
https://www.facebook.com/NovaScotiaHealthAuthority/
https://www.instagram.com/novascotiahealthauthority
https://www.linkedin.com/company/nsha/
https://twitter.com/healthns
Job Type: Full-time"
"Registered Nurse - Gastroenterology/General Surgery - Halifax, NS - Indeed.com","Req ID: 123203
Company: Nova Scotia Health
Location: Central Zone, Centennial Building - QEII
Department: PERI Gastroenterology/Gen Surg
Type of Employment: Permanent Hourly FT (100% FTE) x 1 position(s)
Status: NSGEU Nursing position
Posting Closing Date: 28-Nov-21
Nova Scotia Health is the largest provider of health services in Nova Scotia, with some specialized services also offered to clients throughout Atlantic Canada. We’re on a mission to achieve excellence in health, healing and learning through working together, which is reflected in the hospitals, health centres and community-based programs we operate across the province. Our passionate team of professionals provides a variety of high-quality inpatient and outpatient services including academic, tertiary, and quaternary care, as well as continuing care, primary health care, public health, and mental health and addictions. Join a diverse team of innovators, collaborators and creative thinkers today.
Nova Scotia Health employs professionals in all corners of our beautiful province. We believe there's a place here for everyone to call home, from vibrant cities with exuberant nightlife to quaint towns with picturesque trails. The work-life balance that comes with an Nova Scotia Health role means you'll have the time to explore, discover, and participate in that coveted Atlantic lifestyle. Visit us today and check out www.novascotia.com to see why more people from across the globe are moving here.
Responsibilities
The Registered Nurse (RN) utilizes the nursing process, critical thinking and problem solving skills to provide holistic care to individuals, families, groups, communities and populations across the life span. The RN is responsible for the overall coordination and direction of nursing care. The RN provides clinical leadership particularly in complex or unpredictable patient/client care settings. The RN has the knowledge, skill and judgment needed to provide competent, evidenced based nursing practice. The RN is accountable for the development, implementation and ongoing evaluation of the plan of care to achieve patient/client outcomes. As a member of a collaborative care team works with other disciplines to co-ordinate care to achieve patient/family outcomes. The RN supports the development of students and colleagues through acting as a preceptor and providing ongoing mentorship. The RN contributes to the efficient and effective functioning of the unit, coordination of patient care and staffing. The RN accepts responsibility for maintaining and continually enhancing competencies through ongoing professional development including participation in education programs, research and continuous quality activities. The RN practices according to the Canadian Nurses Association Code of Ethics for Registered Nurses, the Nova Scotia College of Nursing Standards of Nursing Practice, specialty standards as applicable and the policies and procedures of Nova Scotia Health.
The RN is responsible and accountable for their nursing practice and conduct as defined by the Nova Scotia College of Nursing and for ensuring that their registration is current and valid.
Qualifications
Graduate of an accredited school of nursing and eligible for registration in Nova Scotia
BLS-C (HCP) certification
General surgery/acute surgical experience preferred
Previous experience with ostomy care, PCAs, epidurals, and central lines preferred
Demonstrated assessment skills
Effective communication skills
Ability to lift 50 pounds is expected
Competencies in other languages an asset, French preferred
Successful external applicants are required to provide a criminal record check (including Vulnerable Sector Search) to People Services before starting employment and assume any associated costs as a condition of employment
PLEASE NOTE: Applicants relying on education and experience equivalencies must clearly state such equivalencies in their cover letter, resume, or application. Additionally, candidates will not be considered for an interview if applications are incomplete or are missing information.
Hours of Work
Permanent, Full-time position; 75 hours bi-weekly
Shifts may include days, nights, weekends and holidays
Salary Information
$35.04 - $41.41 hourly
$42.86 with 25 years' RN experience
*
Once You've Applied*
Thank you for your interest in this position. Only those applicants selected for an interview will be contacted. Some opportunities may be eligible for our Employee Referral Program. If a Nova Scotia Health employee refers a candidate who is not working for the organization and the candidate is hired, the employee who made the referral may be eligible to earn up to $1000. For more details and instructions, please visit please visit Recruitment - Incentives
This is a Nursing bargaining unit - NSGEU position. Preference is given to bargaining unit employees for unionized positions. Employees are encouraged to view their seniority hours and dates in their SuccessFactors online profile. Successful applicants changing unions, bargaining units or employment status, are advised to seek clarification regarding their seniority, benefits, and vacation entitlement and/or usage, prior to accepting the position.
As per the COVID-19 Mandatory Vaccination Protocol in High-Risk Settings, Nova Scotia Health requires all team members to be fully vaccinated by November 30th, 2021.
Nova Scotia Health is committed to being a workforce that is free of discrimination, values diversity and is representative, at all job levels, of the people we serve. Our priority groups are Indigenous People, African Nova Scotians, People of Colour, Persons with Disabilities, 2SLGBTQIA+ and Immigrants. Members of these groups are welcome to apply and self-identify if they wish to be considered under our Employment Equity policy.
*
Follow Us!*
https://www.facebook.com/NovaScotiaHealthAuthority/
https://www.instagram.com/novascotiahealthauthority
https://www.linkedin.com/company/nsha/
https://twitter.com/healthns
Job Type: Full-time"
"Registered Nurse Opportunities - Greater Sudbury, ON - Indeed.com","Toll free / Sans frais www.hsnsudbury.ca
1.866.469.0822
Registered Nurse Opportunities
Sudbury, Ontario
Join Northeastern Ontario’s Health Care Leader
As a nurse at HSN, you would be joining a dynamic multidisciplinary team of Medical and Rehabilitation professionals
who are highly dedicated to provide exemplary care to patients and families in Northeastern Ontario. HSN provides a
full range of Nursing Services and allows for a unique opportunity to operate within a large scope of practice.
Interested applicants are asked to apply directly to the posting
# RN-2021
on the HSN Careers Website at
hsnsudbury.ca/careers.
Should you have a specific area of interest,
please identify which opportunities you are
applying to, by way of indicating the posting number(s) in your resume.
To view job details, click on the
corresponding posting number below
.
As a result of a number of recruitment priorities, your application to this pool may result in you being screened and
interviewed in advance of a confirmed opportunity. As positions become available, your candidacy would be considered
based on your qualifications, skills and interests. While these opportunities could be in any department across HSN, we
have an immediate need within our acute care settings.
Current RN Opportunities:
Posting
No.
Position Department Job
Status
Type Bilingualism
Required
Closing Date
RN-2021 Registered Nurse Recruitment Pool Various Various No Dec 29, 2021
21-2025
Registered Nurse Outpatient Clinics Part-Time Temporary Yes Nov 24, 2021
21-2011 Registered Nurse Diabetes Education Part-Time Temporary Yes Nov 24, 2021
21-2045 Registered Nurse Reactivation Care Full-Time Permanent No Nov 24, 2021
21-2046 Registered Nurse CVT ICU (Cardio Vascular Thoracic) Part-Time
Job Share
Permanent No Nov 24, 2021
21-2020 Registered Nurse NEO Kids - NICU and Pediatrics Part-Time Temporary No Nov 24, 2021
21-2018 Registered Nurse Violence Intervention and Prevention
Program and VOICES for Women
Part-Time Permanent No Nov 24, 2021
21-2039 Registered Nurse General Internal Medicine Full-Time Temporary Yes Nov 24, 2021
21-2038 Registered Nurse General Internal Medicine Part-Time Permanent No Nov 24, 2021
21-2014 Registered Nurse Child and Adolescent Mental Health
(CAMHP)
Part-Time Temporary No Nov 24, 2021
21-2015 Registered Nurse Child and Adolescent Mental Health
(CAMHP)
Full-Time Temporary No Nov 24, 2021
21-2037 Registered Nurse Cardiac Cath Lab Part-Time Permanent No Nov 24, 2021
21-2040 Registered Nurse Inpatient Addictions Medicine Full-Time Temporary No Nov 24, 2021
21-2036 Registered Nurse Cardiac Inpatient Full-Time Permanent No Nov 24, 2021
21-2029 Registered Nurse Systemic Treatment (Chemotherapy) Full-Time Temporary No Nov 24, 2021
21-2042 Registered Nurse Operating Room Part-Time Permanent No Nov 24, 2021
21-2031 Registered Nurse Surgical Inpatient (General
Surgery)
Full-Time Permanent Yes Nov 24, 2021
21-2032 Registered Nurse Surgical Inpatient Unit (Vascular,
Thoracic, Urology)
Full-Time Temporary No Nov 24, 2021
21-2033 Registered Nurse Surgical Inpatient (General Surgery) Full-Time Temporary No Nov 24, 2021
21-2034 Registered Nurse Surgical Inpatient (General Surgery) Part-Time Permanent No Nov 24, 2021
21-2035 Registered Nurse Surgical Inpatient (General Surgery) Part-Time Permanent No Nov 24, 2021
Note: only one application to #RN-2021 is necessary. Applicants are encouraged to outline multiple
postings of interest on their resume.
Health Sciences North (HSN) is an academic health sciences centre with a purpose to provide high quality health
services, support learning and generate research that improves health outcomes for people of Northeastern Ontario.
With a dedicated and resilient 4,000 employees, 700 active volunteers, 500 highly skilled medical staff and scientists
and 2,100 learners per year, HSN is one of Northern Ontario’s largest employers, its largest hospital, and ranks among
Canada’s Top 40 research hospitals. We offer competitive salary and vacation, extended health and dental benefits, a
pension plan through HOOPP and relocation allowance to assist with moving expenses. You can learn more about
Sudbury by viewing the Relocating to Sudbury link on our careers portal.
Important
: Posting # RN-2021 is an External Recruitment Pool where we are seeking Registered Nurses who
are interested in current and future opportunities with HSN.
If you are currently an HSN employee, please
apply using the internal job posting board. I
nternal candidates applying to this pool will be removed."
"Infirmière auxiliaire - Quebec City, QC - Indeed.com","L'infirmière auxiliaire est responsable des soins au bénéficiaire. Le diplôme d'infirmière auxiliaire est nécessaire ainsi que de l'expérience dans l’aide aux personnes en perte d’autonomie. L'infirmière auxiliaire droit aimer aider les gens, avoir une bonne capacité d'écoute et d’initiative, être empathique, autonome et responsable.
Brève description des tâches d'une infirmière auxiliaire :
Prise des signes vitaux (tension artérielle, température, pouls et respiration)
Préparation et administration de médicaments et d’injections
Administration de traitements variés en plus des soins de base
Application des pansements
Aide au bain et à l’hygiène
Responsable de l’éducation de la clientèle
Assistance aux exercices de physiothérapie
Organisation des activités
Aide aux tâches domestiques et quotidiennes
Les avantages de se joindre à l’équipe Bien Chez Soi:
Jumelage des employés selon les besoins et la personnalité du client
Évaluation mensuelle et encadrement
Horaires stables, à temps plein ou temps partiel
Politique de protection d’horaire
Flexibilité d’horaire selon votre disponibilité
À l’écoute de nos employés
Joignez-vous à notre famille !"
"Shift Nurse - London, ON - Indeed.com","Who are we?
TRU Nursing Solutions is a team dedicated to providing expert home care within the London community.
Our shift nurses provide extended visits for clients who are medically fragile, chronic/complex care adults, palliative, require pain and symptom management and much more.
Job Summary:
Registered Nurses and Registered Practical Nurses are responsible for provision and management of nursing care to individuals in the community.
Responsibilities:
Provide and manage high quality and appropriate nursing care to all individuals and/or families in the community who are assigned to their care
Assess and manage client care in the community, including palliative, wound, IV therapy and H/T chronic disease prevention
Comply with all standards, policies, procedures and legislative requirements
Qualifications:
Registered with the College of Nurses of Ontario
Current CPR and First Aid certification will be requested
Experience working with pediatric and/or palliative clients
Knowledge of community resources an asset
Excellent assessment, problem solving and communication skills
Demonstrated ability to adapt nursing practice to operating independently in a variety of situations
Must have personal vehicle and have both a current driver’s license and proof of vehicle insurance
A current and original copy of a clean Criminal Records Check is required upon the start of your employment
A Vulnerable Sector Search and/or Child Abuse Registry Check may be required
Must wear Personal Protective Equipment (PPE)
Work Conditions and Physical Capabilities: Attention to detail; Lift and carry using appropriate lifting techniques; Bend, walk, sit, stand, climb stairs; Hand movements.
Part-time hours: 25-45 per week
Job Types: Full-time, Part-time, Contract, Permanent
Salary: $21.00-$34.00 per hour
COVID-19 considerations:
All nurses will be required to wear the appropriate PPE
Part-time hours: 15-40 per week
Job Types: Full-time, Part-time, Casual
Salary: Up to $33.00 per hour
Education:
Bachelor's Degree (preferred)
Licence/Certification:
Registered Nurse (RN) License (preferred)
Work remotely:
No"
"MONTRÉAL-NORD - Infirmier ou infirmière auxiliaire - Garantie d'heure - Montréal, QC - Indeed.com","Le Groupe Champlain Inc. est un regroupement de 13 Centres d’Hébergement et de Soins de Longue Durée (CHSLD) privés conventionnés, situés dans plusieurs régions du Québec.
Notre centre Champlain Marie-Victorin, situé à Montréal Nord sur un campus collégial et à côté de garderies d’enfants, le centre propose à sa clientèle un cadre de vie agréable avec des commerces et des restaurants de proximité.
Description :
Profil recherché
Notre équipe et nos 280 résidents sont présentement à la recherche d’un
INFIRMIER(ÈRE) AUXILIAIRE - Garantie d'heure
incarnant des valeurs de bienveillance, d’excellence, de cohérence, d’ouverture et de transparence.
Vous aimez travailler en équipe et avez un bon sens relationnel ?
Vous êtes dynamique, capable de prendre des initiatives et avez le sens des responsabilités ?
Si c’est le cas, n’hésitez pas à nous rejoindre, nous partageons la même philosophie !
Prenez soin de nos résidents en :
Participant à la réalisation d’un ensemble de soins infirmiers en collaboration avec l’équipe de soins ;
Contribuant à l’évaluation de l’état de santé du résident et à la réalisation de son plan de soins ;
Prodiguant des soins et des traitements infirmiers et médicaux et de bien-être à la fois préventifs et curatifs.
En participant à l’éducation thérapeutique de nos résidents et de leurs proches.
Rejoignez-nous et bénéficiez des avantages et privilèges suivants :
Faire partie d’un Groupe agrée avec « mention » par Agrément Canada et donc reconnu pour sa qualité de services au-delà des exigences.
Rejoindre un établissement chaleureux et familial, favorisant l’entraide et le travail d’équipe.
Notre gestion de proximité permet à nos employés d’être créatifs et de participer à la vie du centre.
Formation continue durant toute votre carrière à nos côtés.
Vous bénéficierez des mêmes conditions de travail et avantages sociaux que dans le réseau public de la santé (Salaire de 22,59$ à 30,46$, régime de retraite et d’assurances collectives avantageux, 4 semaines de vacances annuelles, 13 congés fériés par année…)
Exigences :
Nous recherchons avant tout une personne autonome, fiable, aimant « soigner et prendre soin » des résidents et ayant envie de travailler en équipe pluridisciplinaire.
En tant qu’infirmier auxiliaire spécialisé en gériatrie, vous devrez avoir une approche globale en prenant en compte les dimensions polypathologiques, biologiques, psychologiques, sociales et culturelles du résident.
Détenir un permis d’exercice de l’Ordre des Infirmières et Infirmiers auxiliaires du Québec (O.I.I.A.Q) ;
Détenir un diplôme d’études professionnelles (DEP) en santé, assistance et soins infirmiers ;
Posséder une expérience en soins de longue durée (atout) ;
Les retraités, jeunes diplômés infirmiers et étudiants en attente de l'examen de l'Ordre sont les bienvenues dans notre établissement.
Le générique masculin est utilisé sans aucune discrimination et a pour seul but l’allégement du texte.
Remarques :
Nous remercions toutes les personnes qui poseront leur candidature, mais ne communiquerons qu’avec celles retenues pour une entrevue.
Groupe Champlain applique un programme d'accès à l'égalité en emploi et invite les Autochtones, les minorités visibles, les minorités ethniques, les femmes et les personnes handicapées à présenter leur candidature. Les personnes handicapées peuvent également nous faire part de leurs besoins particuliers relativement au processus de sélection pour l'emploi sollicité afin de faciliter l'étude de leur candidature.
Si vous postulez d'un appareil mobile (téléphone intelligent, tablette), vous recevrez un courriel d'accusé réception vous demandant d'aller mettre à jour votre dossier et déposer votre CV afin que votre candidature soit prise en considération."
"INFIRMIER OU INFIRMIÈRE - Bas-Saint-Laurent, QC - Indeed.com","Le CISSS du Bas-Saint-Laurent offre des opportunités de carrière aux gens qui aiment prendre soin. Vous aimez le travail multidisciplinaire et la proximité avec les professionnels et les usagers? Notre organisation, en constante évolution et fière de desservir sa population en lui offrant des soins et services de qualité, a une place pour vous!
Description (rôle, responsabilités, exigences)
Sous l’autorité du chef de service, la personne titulaire de ce poste est responsable de l’évaluation, de la détermination et de la dispensation des soins infirmiers ainsi que de la surveillance et du suivi des usagers sous sa responsabilité. Elle prodigue les soins et les traitements infirmiers et médicaux dans le but de maintenir la santé, de la rétablir et de prévenir la maladie. Elle prend des décisions en matière de soins et de traitements basées sur son jugement clinique et les bonnes pratiques reconnues par la Direction des soins infirmiers. Elle assure la gestion et le suivi des situations instables, d’urgence et complexes. Elle planifie et coordonne les activités de l’équipe de soins composée d’une infirmière auxiliaire et d’une PAB en mettant à contribution leurs expertises et leurs forces respectives. Elle établit des liens entre les professionnels de la santé, l’usager, ses proches et les partenaires du réseau de la santé, pour assurer une coordination des soins efficace, la surveillance et le suivi sécuritaire des activités de soins exécutées par cette équipe. Elle doit ajuster le plan de soins et de traitement ainsi que le plan thérapeutique infirmier selon l’évolution de la condition clinique de l’usager. Elle planifie, dispense et évalue l’enseignement à l’usager et à ses proches.
Exigences :
- DEC en soins infirmiers,
Membre de l'OIIQ,
N'avoir aucune contrainte à effectuer des transferts ambulanciers,
Disponible pour travailler 1 fds/2.
Information additionnelle
Plusieurs postes à combler sur les quarts de travail suivants:
Jour-Soir
Jour-Nuit
Soir.
Dans les MRC suivantes:
MRC de la Matanie
MRC de Rimouski-Neigette
MRC du Témiscouata
Les personnes intéressées doivent soumettre leur candidature en ligne au plus tard le 23 novembre 2021 via « Emplois offerts» disponible à la section « Emplois et stages » de notre site Internet: http://www.cisss-bsl.gouv.qc.ca
Programme d'accès à l'égalité en emploi
Nous souscrivons au principe de l'accès à l'égalité à l'emploi et les candidatures des minorités visibles, des minorités ethniques, des autochtones, des personnes handicapées et des femmes sont encouragées. Des mesures d'adaptation peuvent être offertes aux personnes handicapées en fonction de leurs besoins.
Déclaration finale
Nous remercions toutes les personnes qui poseront leur candidature. Nous communiquerons seulement avec les personnes dont la candidature est retenue."
"SAGE-FEMME - Caplan, QC - Indeed.com","Surcroît jusqu'au 31 octobre 2021 avec possibilité de prolongation.
Temps partiel 28 heures semaine.
De jour et garde.
Lieu de travail CLSC de Caplan.
Exigences :
Exigences requises
Membre en règle de l’Ordre des sages-femmes du Québec;
Certificat en réanimation néonatale avancée (ANLS) de moins de deux (2) ans;
Certificat en urgences obstétricales de moins de trois (3) ans;
Posséder un permis de conduire valide et une voiture;
Demeurer à 30 minutes ou moins de Maria lors des périodes de garde comme 1ère sage-femme serait un atout.
Les conditions de travail sont celles en vigueur selon l’Entente entre le RSFQ et le MSSS;
Les personnes intéressées sont priées de faire parvenir une lettre d’intention et leur curriculum vitae à l’adresse courriel indiquée ci-dessous en précisant le titre du poste en objet avant le 30 juillet 2021, 16h.
À l’adresse courriel suivante : recrutement.bdc.cisssgaspesie@ssss.gouv.qc.ca"
"Registered Nurse (RN) - Ophthalmology - Toronto, ON - Indeed.com","Company Bio
IMAGINE a hospital where everyone is committed to excellence. We did. We are. From boardroom to bedside, we go above and beyond to offer the best and safest patient care. At North York General Hospital (NYGH), we put our patients first in everything we do. We are achieving a new standard of excellence in integrated patient-centered care and as one of Canada's leading community academic hospitals, we are building on our academic foundation through enhanced education, research and innovation. North York General Hospital is part of North York Toronto Health Partners, a collaborative partnership with patients, primary care, and community partners, a first- generation Ontario Health Team, driving the development of a locally integrated health system to serve the community. As part of our dynamic team, you too can stand out and be amazing! At North York General, our team is making a world of difference.
Position Summary
Registered Nurse, Operating Room, Ophthalmology
Your goal in this position is to provide excellent patient and family driven care, in a supportive and culturally sensitive manner. You will do this by collaborating with an interdisciplinary team of care providers, with an emphasis on the assessment, education, prevention, maintenance, and restoration of patient health. You’re a great relationship builder, and foster close contacts with peers across the entire organization. You have great interpersonal skills, and effortlessly connect with physicians, staff, patients, and families. This position supports the Hospital’s academic mandate by advancing care through teaching and learning and/or transforming care through research and innovation. This position contributes to the shared responsibility of ensuring health and safety policies are followed to provide for a healthy environment for staff, physicians, volunteers , learners, patients and families.
Great Registered Nurses are:
Organized – they embrace the challenge of prioritizing patient care demands in a fast paced environment, and are eager to engage with new challenges every single day
Great Communicators – they communicate effectively with colleagues, staff, volunteers and families
Decisive – at the end of the day, they have the ability to make the big decisions, to take ownership of their actions, and use their critical thinking and problem solving skills in the best interests of the patient
Safety Conscious – they know that keeping everyone safe and healthy is the highest priority, and follow all H&S policies and guidelines
Committed – they embrace our learning culture and demonstrate ongoing commitment to professional development to enhance their knowledge and skills .
On a practical level, you will
Demonstrate the ability to function to the full scope of nursing practice per the College of Nurse of Ontario
Demonstrate clinical competence in surgical nursing skills
Communicate effectively (written and verbal) with patients/clients, families and other members of the health care team
Think critically, set priorities and organize work in response to client/patient needs
Demonstrate knowledge of transfers and lifts
Be committed to ongoing learning, professional development, and continuous quality improvement
Have proficient skill level with computers, MS Word, Internet searches, data entry and patient information systems
Assume a leadership/charge role with demonstrated evidence of self- motivation regarding continuing education in areas of patient assessment, patient education and related Clinical Specialties
Have effective organizational, problem-solving, prioritization, time-management and teaching skills
Have excellent interpersonal skills with the ability to foster good public relations and working relationships in a family centered care environment
Demonstrate your ability to perform appropriately in emergency situations
Qualifications
Diploma in Nursing, Baccalaureate Degree in Nursing
Registered and in good standing with the College of Nurses of Ontario
Operating Room post-diploma program certificate
Current Basic Cardiac Life Support (BCLS) certification
Certified in Perioperative Nursing (CPNc), preferred
1 to 3 years recent Operating Room experience covering all surgical services preferred
1-2 years’ surgical ophthalmology experience preferred
Laser course, preferred
Bilingualism in French/English an asset
What We Offer
Working at NYGH means working with a dynamic team of fellow healthcare providers, staff, and volunteers in one of Canada’s leading hospitals. This is a Full Time Temporary position (approximately 6 months), with 8 hour day & evening shifts, including weekends and on call, in the Operating Room, Ophthalmology Department, Consumer Road Site. We offer a highly competitive total compensation package which may include benefits, pension, vacation pay, or pay in lieu of benefits, when applicable. If you were searching for more reasons to consider joining the wonderful team at NYGH, check out some features of our Total Rewards package by visiting nygh.on.ca
FOR EXTERNAL APPLICANTS ONLY:
As a condition of employment, you are required to submit proof of COVID-19 vaccination to the Hospital’s Occupational Health and Safety department.
How to Apply
Think you're the right person for the job? Here's your first chance to show us why:
Ensure to meet the deadline - only applications received by the closing date will be considered.
We will review all applications and will contact those selected for an interview.
Closing Statement
At North York General, we are committed to fostering an inclusive and accessible environment. We are dedicated to building a workforce that reflects the diversity of the community in which we live, including those with disabilities. North York General is committed to providing accommodations in all parts of the hiring process. If you require an accommodation, we will work with you to meet your needs."
"RN Travel Nurse - Toronto, ON - Indeed.com","Highly competitive rates and benefits package!
Path to US Citizenship - Sponsorship opportunities for qualified Canadian nurses!
At
Harbor Healthcare and Rehabilitation Center
we go the extra mile to ensure our facility is a place that our employees WANT to be in because we understand that happy employees equal happy residents. At
Harbor Health and Rehab,
we invest in YOU!
NOW HIRING:
Licensed Nurses that are willing to travel and board in Lewes, DE
All shifts, FT and PT opportunities
Short-Term and Long-Term contracts available
FANTASTIC BENEFITS PACKAGE:
Medical, Dental, Vision, Disability & Life Insurance
Paid Time Off
Background Check Reimbursement
Tuition Reimbursement
Generous PTO package
Fantastic Wages!
Opportunity for US Citizenship Sponsorship for long-term nurses
Qualifications:
Active registered nurse (RN) who has successfully passed the NCLEX Exam and holds a Provincial License in Canada
Must pass both a background & drug test as required by the state of Delaware
Buena Vista Healthcare is an equal opportunity employer"
"Infirmier.ère - Montréal, QC - Indeed.com","Sommaire des responsabilités
Sous la responsabilité de la Direction des soins et services, en tant qu’infirmière vous assumerez la responsabilité d’un ensemble de soins infirmiers en fonction de l’enfant et sa famille et collaborerez à l’administration de procédés thérapeutiques préventifs en interdisciplinarité étroite avec les intervenants internes et les différents établissements et organismes du milieu. Le Phare offre un environnement enrichissant et chaleureux, à dimension humaine, qui valorise le développement professionnel continu au sein d’une équipe chevronnée !
Responsabilités principales
Évaluation et prévention
Vérifie et complète la collecte de données dès l’admission, en collaboration avec l’infirmière auxiliaire ;
Évalue la condition de santé physique, psychologique et sociale des enfants symptomatiques ;
Identifie la catégorie d’isolement nécessaire et applique les mesures de prévention des infections selon les normes de pratique ;
Révise la pertinence de l’isolement et consulte l’infirmière chef d’équipe ;
Initie les demandes de consultations médicales et professionnelles.
Planification
Élabore le plan thérapeutique infirmier en collaboration avec l’enfant, sa famille et les membres de l’équipe interdisciplinaire et en assure la mise à jour ;
Donne l’enseignement et vérifie la compréhension des informations par l’enfant et sa famille ;
Apporte son aide aux déplacements sécuritaires des enfants ;
Établit ses priorités de soin selon l’urgence de la situation tout en optimisant son organisation du travail ;
Respecte les mesures de prévention des infections selon les normes de pratique en soins infirmiers.
Jugement clinique
Exécute et voit à l’exécution des soins et des traitements selon les normes, techniques, politiques et pratiques professionnelles en vigueur au Phare, Enfants et Familles et en assure le suivi. Plus précisément:
Administration des médicaments ;
Gestion de la douleur ;
Administration de médication intraveineuse ;
Dialyse péritonéale ;
Soins trachéostomie ;
Ventilation assistée ;
Administration – gavage.
Établit des liens entre l’affectation de santé, le diagnostic et les observations cliniques de l’enfant ;
Interprète ces informations cliniques et agit en conséquence (avise au bon moment, la bonne personne) ;
Utilise des outils validés et appropriés pour la collecte de données sur la douleur et les symptômes ;
Procède à une surveillance clinique et est à l’affût des signes de déséquilibre de l’état de santé de l’enfant, intervient dans les délais requis et informe le médecin ou le professionnel des changements survenus ;
Relève les ordonnances des enfants sous sa responsabilité et s’assure de la validité de celles-ci à chaque quart de travail ;
S’assure de la sécurité de l’environnement physique des enfants et avise le responsable au besoin ;
Prévient et dépiste les problèmes reliés à la qualité de soins et avise le responsable ;
Répond aux interrogations et aux inquiétudes des parents lors des appels téléphoniques ;
Assure la continuité des soins par l’exactitude du PTI et de la qualité des notes au dossier.
Autres
Respecte le plan des mesures d’urgence ;
Collabore à l’accueil, l’orientation et l’évaluation du nouveau personnel et des stagiaires ;
Effectue toutes autres tâches connexes.
Exigences
DEC en techniques de soins infirmiers ;
BAC en soins infirmier (un atout) ;
Membre en règle de l’Ordre des infirmières et des infirmiers du Québec ;
Bonne connaissance du français parlé et écrit ;
Anglais fonctionnel.
Compétences
Solide jugement clinique ;
Sens des responsabilités et du leadership ;
Esprit d’analyse et de jugement ;
Aptitudes marquées pour le travail d’équipe ;
Orientation « approche patient partenaire » ;
Capacité à œuvrer dans un contexte en constante évolution ;
Capacité à travailler avec les enfants en perte d’autonomie présentant des déficiences physiques ou cognitives et leurs familles :
Développement de relations interpersonnelles de confiance.
Pourquoi le Phare ?
Salaire compétitif, parité avec le réseau de la santé ;
Ambiance calme et sereine ;
Ratio infirmière-patient sécuritaire ;
Soins sans compromis ;
Aucune disponibilité de temps minimum requis ;
Conciliation travail-vie de famille et travail-études ;
Formations et développement de compétences offertes à l’interne ;
Direction à l’écoute des besoins des équipes sur le terrain ;
Postes permanents ;
Reconnaissance du BAC ;
Assurance collective et régime de retraite simplifié ;
Accès au Programme d’aide aux employés ;
Stationnement gratuit.
Type d'emploi : Temps Plein, Temps Partiel
Salaire : 24,91$ à 40,34$ par heure
Horaire :
Disponibilité la fin de semaine
Formation:
DEC (Souhaité)
Expérience:
soins infirmiers: 1 an (Souhaité)
Télétravail:
Non"
"Infirmier(ère) – Bloc opératoire (2021-2022) - L'Enfant-Jésus, QC - Indeed.com","Le CHU de Québec Université Laval est actuellement à la recherche d’infirmiers(ères) d’expérience pour travailler au bloc opératoire de l’Hôpital de l’Enfant-Jésus.
Notre programme d’accueil, le travail en équipe multidisciplinaire, la formation continue, les activités de reconnaissance, les avantages et les activités pour les employés font du CHU de Québec-Université Laval votre destination carrière de choix!
Un montant forfaitaire de 12 000$ est offert aux candidatures hors réseau de la santé et des services sociaux qui s’engagent à travailler à temps complet pour une année. Un premier versement de 2 000$ est effectué à l’embauche et un second de 10 000$ après 12 mois de rétention à temps complet.
POSTES PERMANENTS TEMPS COMPLET 10/14 DE SOIR OU JOUR/SOIR
Ou
POSTES PERMANENTS TEMPS PARTIEL 8/14, AVEC POSSIBILITÉ DE COMPLÉTER À TEMPS COMPLET JOUR/SOIR
Résumé des tâches
Un emploi dans un bloc opératoire du CHU de Québec – Université Laval représente une opportunité de travailler pour une grande organisation tout en œuvrant au jour le jour dans un petit groupe de travail spécialisé dans lequel tout le monde détient un rôle bien précis et primordiale. L’équipe de travail est composée du chirurgien, de l’inhalothérapeute, de l’anesthésiste, de l’infirmier(ère), de l’infirmier(ère) auxiliaire et de d’autres professionnels au besoin.
Dans le cadre de cet emploi vous êtes en charge du patient en amont de l’intervention. Vous avez à recueillir des informations directement auprès du futur opéré, évaluer ses besoins et les risques potentiels, de l’informer et de le rassurer au besoin. Vous êtes en charge de l’installation des dispositifs médicaux nécessaires à l’opération et vous veillez à leur bon fonctionnement. Vous aidez le chirurgien à mettre sa tenue stérile, vous l’assistez lors de l’intervention en préparant le matériel stérile et en le lui transmettant. Vous êtes le gardien de la traçabilité. Vous êtes également apportés à maitriser les protocoles médicaux afin d’être efficace dans votre rôle.
Tous les jours vous serez confrontés à de nouvelles réalités en prenant part à plusieurs types de chirurgies : maxillo-faciale, chirurgie spinale, chirurgie lombaire, plastie, neurologique (traumato, grands brûlé, vasculaire)
Le rôle de l’infirmier(ère) dans un bloc opératoire demande d’être minutieux, méthodique mais également d’être en mesure de réagir rapidement lorsque nécessaire. Vous devez être en mesure de garder votre sang-froid et aimer effectuer des tâches plus techniques.
À noter que le service du bloc opératoire inclut les secteurs suivants: Bloc opératoire, salle de réveil, chirurgie d'un jour et clinique préopératoire.
Conditions de travail :
Échelle salariale selon le Réseau de la santé et des services sociaux
Une prime de 6% de votre salaire s’applique aux blocs opératoires.
Être disponible pour effectuer des gardes de soirs, de nuits et de fin de semaine
Flexibilité d’horaire favorisant la conciliation travail-famille
Être disponible une fin de semaine par mois
Exigences :
Diplôme d'études collégiales (DEC) en techniques de soins infirmiers
OU
Baccalauréat en sciences infirmières ou Baccalauréat comportant trois (3) certificats admissibles dont au moins deux (2) certificats reconnus en soins infirmiers
ET
Permis d'exercice de l’Ordre des infirmières et infirmiers du Québec (OIIQ)
attestation de réussite du cours de réanimation cardiorespiratoire (RCR) valide
expérience dans un bloc opératoire
Les diplômes exigés pour l'emploi, qui auraient été obtenus hors Québec, doivent être obligatoirement accompagnés d'une évaluation comparative des études effectuées hors Québec (ÉCEEHQ) émise par le ministère de l'Immigration et des Communautés culturelles du Québec.
Remarques :
De nombreux avantages s'offrent à vous au CHU de Québec-Université Laval:
congés offerts lors de certains fériés
formation et jumelage en début d'emploi;
un réseau d'accueil des collègues fut mis sur place afin de faciliter l'intégration socioprofessionnelle des nouveaux employés. Ainsi, vous bénéficierez d'un accueil personnalisé par un membre de l'équipe lors de votre arrivée.
préceptorat disponible;
congé pour études universitaires en sciences infirmières possible suite à la réussite de votre probation de 45 quarts de travail;
formation continue offerte tout au long de votre carrière;
ancienneté qui se cumule dans les 5 hôpitaux du CHU de Québec-Université Laval;
diversité des clientèles et des départements donc des défis pour une longue et passionnante carrière;
programme d'aide aux employés (PAE);
avantages sociaux complets;
plateforme LifeSpeak: programme de santé mieux-être pour vous et votre famille;
remboursement partiel des frais de scolarité;
programme privilèges: rabais (commerces, restaurants, spa, hôtels, centres de conditionnement physique);
dépanneur de la fondation du CHU de Québec-Université Laval pour se procurer des billets de ski alpin à rabais et des billets de cinéma à rabais, etc.;
programme privilèges: activités de mise en forme (yoga, pilates, zumba, cardio musculation), Défi entreprise; Pentathlon des neige, Parcours de marches près de nos hôpitaux;
distribution de paniers de légumes biologiques l'été;
aires de stationnements sécurisés pour les vélos pour les employés qui voyagent à vélo;
5 hôpitaux du CHU de Québec-UL desservis par les systèmes d'autobus de la RTC et ST Lévis;
aide au cheminement de carrière et outil Webfolio à votre disposition afin de bâtir votre projet professionnel en ligne. Outil conçu pour vous accompagner tout au long de votre carrière professionnelle au CHU de Québec-Université Laval."
"Registered Nurse - Cardiology IMCU - Halifax, NS - Indeed.com","Req ID:
122790
Company: Nova Scotia Health
Location:
Central
* Zone,
*Halifax Infirmary Robie Street Entrance - QEII
Department:
OPCZ Imcu
Type of Employment:
Permanent
Hourly FT
* (
*100%
* FTE) x
*1
* position(s)*
Status:
NSGEU Nursing
* position*
Posting Closing Date:
29-Nov-21
Nova Scotia Health is the largest provider of health services in Nova Scotia, with some specialized services also offered to clients throughout Atlantic Canada. We’re on a mission to achieve excellence in health, healing and learning through working together, which is reflected in the hospitals, health centres and community-based programs we operate across the province. Our passionate team of professionals provides a variety of high-quality inpatient and outpatient services including academic, tertiary, and quaternary care, as well as continuing care, primary health care, public health, and mental health and addictions. Join a diverse team of innovators, collaborators and creative thinkers today.
Nova Scotia Health employs professionals in all corners of our beautiful province. We believe there's a place here for everyone to call home, from vibrant cities with exuberant nightlife to quaint towns with picturesque trails. The work-life balance that comes with an Nova Scotia Health role means you'll have the time to explore, discover, and participate in that coveted Atlantic lifestyle. Visit us today and check out www.novascotia.com to see why more people from across the globe are moving here.
Responsibilities
The Cardiology Intermediate Care Unit consists of 14 beds including a STEMI and 3 Rapid Transfer Beds. This high acuity population includes cardiology patients such as acute myocardial infarction, stable post cardiac arrest, cardiogenic shock, acute congestive heart failure and patients with complications following cardiac catheterization.
The Registered Nurse (RN) is accountable to the Health Services Manager or delegate on an assigned nursing unit and is responsible for the provision of nursing care to assigned patients under the direction of the Health Services Manager. The RN may supervise and direct activities of other nursing staff as required and will be delegated responsibility as charge nurse on any shift required. The RN is accountable for the development, implementation and ongoing evaluation of the plan of care to achieve patient/client outcomes. The RN works collaboratively within an inter-professional team, providing a holistic approach and comprehensive people centered care. The RN independently provides safe, competent, compassionate, ethical nursing care to all patients with predictable and unpredictable outcomes and all levels of complexity, and ensures goals and needs are prioritized and individualized. Using nursing knowledge, critical thinking and clinical judgment, the RN engages in independent, interdependent and dependent functions to provide healthcare focusing on comprehensive assessment, patient/family education, and coordination of care.
The RN accepts responsibility for maintaining and continually enhancing competencies through ongoing professional development including participation in education programs, research and continuous quality activities. The RN practices according to the Canadian Nurses Association Code of Ethics for Registered Nurses, the Nova Scotia College of Nursing Standards of Nursing Practice, specialty standards as applicable and the policies and procedures of Nova Scotia Health. The RN is responsible and accountable for his/her nursing practice and conduct as defined by the Nova Scotia College of Nursing and for ensuring that his/her registration is current and valid.
Qualifications
Graduate of an accredited school of nursing and be eligible for registration in Nova Scotia
Two years’ experience in cardiology, medicine or an intermediate care nursing setting
IMCU Course required. Where there are no qualified applicants, consideration will be given to Registered Nurses with two years’ experience in cardiology, medicine, or an intermediate care nursing setting who express an interest and agree to complete and be successful in an Intermediate Care Program within 3 months of the date of hire
Current BLS certification
Cardiology experience an asset
Demonstrates strong interpersonal and communication skills
Competencies in other languages an asset, French preferred
PLEASE NOTE: Applicants relying on education and experience equivalencies must clearly state such equivalencies in their cover letter, resume, or application. Candidates will not be considered for an interview if applications are incomplete or are missing information.
Hours of Work
Permanent, full-time position; 75 hours biweekly
Salary Information
$35.0366 - $41.4138 hourly
$42.8633 hourly with 25 years of RN experience
*
Once You've Applied*
Thank you for your interest in this position. Only those applicants selected for an interview will be contacted. Some opportunities may be eligible for our Employee Referral Program. If a Nova Scotia Health employee refers a candidate who is not working for the organization and the candidate is hired, the employee who made the referral may be eligible to earn up to $1000. For more details and instructions, please visit please visit Recruitment - Incentives
This is a Nursing bargaining unit - NSGEU position. Preference is given to bargaining unit employees for unionized positions. Employees are encouraged to view their seniority hours and dates in their SuccessFactors online profile. Successful applicants changing unions, bargaining units or employment status, are advised to seek clarification regarding their seniority, benefits, and vacation entitlement and/or usage, prior to accepting the position.
As per the COVID-19 Mandatory Vaccination Protocol in High-Risk Settings, Nova Scotia Health requires all team members to be fully vaccinated by November 30th, 2021.
Nova Scotia Health is committed to being a workforce that is free of discrimination, values diversity and is representative, at all job levels, of the people we serve. Our priority groups are Indigenous People, African Nova Scotians, People of Colour, Persons with Disabilities, 2SLGBTQIA+ and Immigrants. Members of these groups are welcome to apply and self-identify if they wish to be considered under our Employment Equity policy.
*
Follow Us!*
https://www.facebook.com/NovaScotiaHealthAuthority/
https://www.instagram.com/novascotiahealthauthority
https://www.linkedin.com/company/nsha/
https://twitter.com/healthns
Job Type: Full-time"
"Licensed Practical Nurse - Inpatient Psychiatry - Bridgewater, NS - Indeed.com","Nova Scotia Health employs professionals in all corners of our beautiful province. We believe there's a place here for everyone to call home, from vibrant cities with exuberant nightlife to quaint towns with picturesque trails. The work-life balance that comes with an Nova Scotia Health role means you'll have the time to explore, discover, and participate in that coveted Atlantic lifestyle. Visit us today and check out www.novascotia.com to see why more people from across the globe are moving here.
Responsibilities
Reporting to the Manager, Inpatient Mental Health and Addictions, the Licensed Practical Nurse is a member of a multi-disciplinary team and provides safe, competent patient care within the full LPN scope of practice. This position requires thorough knowledge of human behavior in application of the nursing process. The LPN will develop a professional knowledge base and skills related to psychiatric nursing. This position is able to assess patient needs in collaboration with the patient and/or significant other and ensure therapeutic interventions are carried out, as well as act as a patient advocate and assist in promoting mental health. The LPN will work rotating shifts as assigned.
The duties of the Licensed Practical Nurse will be carried out in accordance with the principles and practices that guide Nova Scotia Health Authority.
Qualifications
Graduate of a recognized Licensed Practical Nursing Program and certified in Nova Scotia or eligible to become certified
Able to function within the full LPN Scope of Practice
Two (2) years (recent) clinical experience in Mental Health & Addictions
If there are no candidates with two (2) years' experience, those with one (1) year will be considered
If there are no candidates with one (1) year experience, those with six (6) months will be considered
If there are no candidates with six (6) months experience, those with no experience will be considered
Successful completion/certification of Pharmacology Course
Ability to assist with situations requiring physical restraint
Ability to communicate effectively, verbally and in writing
Demonstrates ability to work well with others; be flexible, positive and maintain an objective approach; be self-directed and participate in problem solving using sound judgment
Ability to think critically, be decisive and cope skillfully with crisis situations
Competencies in other languages an asset, French preferred
Successful external applicants are required to provide a Criminal Record Check (including Vulnerable Sector Search) to People Services before starting employment and assume any associated costs as a condition of employment
PLEASE NOTE: Applicants relying on education and experience equivalencies must clearly state such equivalencies in their cover letter, resume, or application. Additionally, candidates will not be considered for an interview if applications are incomplete or are missing information.
Hours of Work
Permanent (100%) full-time position; 75.00 hours bi-weekly.
Salary Information
Licensed Practical Nurse (HC25):
$28.33 - $30.42 hourly
Once You've Applied
Thank you for your interest in this position. Only those applicants selected for an interview will be contacted. Some opportunities may be eligible for our Employee Referral Program. If a Nova Scotia Health employee refers a candidate who is not working for the organization and the candidate is hired, the employee who made the referral may be eligible to earn up to $1000. For more details and instructions, please visit please visit Recruitment - Incentives
This is a Nursing bargaining unit - CUPE position. Preference is given to bargaining unit employees for unionized positions. Employees are encouraged to view their seniority hours and dates in their SuccessFactors online profile. Successful applicants changing unions, bargaining units or employment status, are advised to seek clarification regarding their seniority, benefits, and vacation entitlement and/or usage, prior to accepting the position.
As per the COVID-19 Mandatory Vaccination Protocol in High-Risk Settings, Nova Scotia Health requires all team members to be fully vaccinated by November 30th, 2021.
Nova Scotia Health is committed to being a workforce that is free of discrimination, values diversity and is representative, at all job levels, of the people we serve. Our priority groups are Indigenous People, African Nova Scotians, People of Colour, Persons with Disabilities, 2SLGBTQIA+ and Immigrants. Members of these groups are welcome to apply and self-identify if they wish to be considered under our Employment Equity policy.
Follow Us!
https://www.facebook.com/NovaScotiaHealthAuthority/
https://www.instagram.com/novascotiahealthauthority
https://www.linkedin.com/company/nsha/
https://twitter.com/healthns
Job Types: Full-time, Permanent"
"Patient Care Attendant 1 - Fredericton, NB - Indeed.com","Competition # EM21539, Full Time Temporary, Fredericton
Closing date: December 2, 2021
COMPETITION NUMBER
EM21539
CLASSIFICATION NAME
Patient Care Attendant 1
POSITION TITLE
Patient Care Attendant 1
CLASSIFICATION CODE
3023
BARGAINING UNIT
CUPE 1252
UNIT LOCATION
Fredericton
STATUS
Full Time Temporary
FULL TIME EQUIVALENT
1.0
HOURS OF WORK
Days, evenings, nights and weekends. Subject to change due to operational requirements.
ANTICIPATED START DATE
As soon as possible
ANTICIPATED END DATE
March 31, 2023
SALARY RANGE
As per collective agreement
LANGUAGE REQUIREMENT
Written and spoken competence in English is required
CLOSING DATE
December 2, 2021
JOB SUMMARY
Participates with members of the interdisciplinary EMP team to assist patients with activities of daily living.
The incumbent will be part of a regional rapid response team to support vulnerable sectors (including but not limited to Long Term Care Facilities, Correctional Facilities, Homeless Shelters) in the event of a COVID-19 outbreak.
The goal of this team will be to ensure rapid isolation and containment at the time of the first identified case while ensuring quality onsite resident centered care and support to the staff. Travel within the province of New Brunswick will be required to support an outbreak in a vulnerable sector that may require to be on site for an extended period of time ( ie. a minimum of 2 weeks).
Any candidate not currently employed in the New Brunswick Public Service will need to provide proof of full vaccination against COVID-19, or a valid medical certificate exempting them from the vaccine.
REQUIRED QUALIFICATIONS AND OTHER JOB REQUIREMENTS
High school graduation plus an additional patient care program/course of up to six months or equivalent;
Experience working with adult patients would be an asset;
Knowledge of the target population of Extra-Mural Services;
Must have a valid New Brunswick Class 5 Driver's License and good driving record (proof required);
Submit a valid and clean criminal record check;
Have a current CPR Level C certification that has been issued in the last 12 months;
Must demonstrate the ability to work efficiently as a member of the team and possess leadership and coaching skills, strong interpersonal skills, good judgment and decision making skills;
Must be able to work all shifts as assigned, maintaining a good attendance record;
Must have a high regard for confidentiality; and
Must have excellent work habits and have a professional appearance; and
Good computer knowledge and skills (MS Outlook, Word, Excel, PowerPoint).
If you are interested in working with a dynamic team of professionals and possess the necessary qualifications, please click the 'Apply Now' button to submit your resume.
We would like to thank all candidates for expressing interest. Please note only those selected for interviews will be contacted.
EM/ANB Inc. is committed to the principle of equal opportunity in its employment practices and to providing an environment free from discrimination and harassment for all employees.
Date Posted
Nov 18, 2021
Type
Temporary
Career Level
Experienced
Category
Healthcare
Competition Number
EM21539"
"Registered Nurse - PFT - 3S Respirology - Oakville, ON - Indeed.com","Ref #:888332
Specific Department and Program:3South Respirology
Location:Oakville
Posted Date:Nov 16, 2021
Posting #:
2021-888332
ONA
Position:
Registered Nurse
Department:
3S Respirology
Status:
Permanent Full-time
Hours:
Monday to Sunday - Days and Nights - Various rotating 12 hour shifts (Hours subject to change based on operational needs)
Site:
Oakville
Halton Healthcare takes great pride in providing quality, compassionate healthcare services to our rapidly growing communities. As a progressive and vibrant healthcare organization, we take healthcare to a new level to meet the urgent needs of our community's growing and aging population. We are a distinctive centre of healthcare excellence that offers first-rate care in an innovative environment that supports the physical, mental, emotional and spiritual needs of the community.
Halton Healthcare’s vision of
Exemplary patient experiences, always
, goes beyond just the patient experience; it has shaped our entire culture and remains at the core of every interaction in our organization, from our patients & families to our staff, physicians and volunteers. We believe in exemplary PEOPLE experiences always!
This is what you’ll be doing:
3S Respirology is a 36 bed medicine unit. We provide exemplary patient and family centered care to patients with a respiratory diagnosis and other patients with general medicine diagnoses. We have a multi-disciplinary team including physicians, nurses, physiotherapists, occupational therapists, pharmacists, dietitian and discharge planner who collaborate to provide safe, high quality care in a timely fashion to our patient population
This is what you’ll need to do it:
Halton Healthcare endeavors to hire individuals who are competent in their chosen profession and who exemplify our mission, vision and values of accountability, respect and compassion which guide our individual behaviours and attitudes.
Current Registration with the College of Nurses of Ontario in good standing
Current BCLS Certification required at time of hire
Strong patient assessment skills
Ability to manage a variety of patients conditions across the life span
Previous experience with Tracheostomy and BiPaP care preferred
Chronic Ventilator experience preferred
Completion of Coronary Care 1 (or commitment to complete within 6 months) or equivalent
Ability to function in a fast-paced environment
Team player with strong public relations and organizational skills
Caring attitude with patients, families and co-workers
Must be physically able to do the job that involves heavy lifting and intensive physical effort
Demonstrates commitment to continuing education
Satisfactory employment and attendance record
The ideal candidate is strong in patient centered care in a dynamic, rapidly changing environment and should be ready to drive change and innovation. We require a person with good communication skills with a clear patient focus with the ability to manage execution and to foster teamwork and cooperation.
Salary:
$33.90 - $48.53 per hour
Date Posted:
November 16, 2021
Internal Applicants Due By:
November 23, 2021
Please apply if you are passionate about what you do, motivated by a job well done, and as committed to excellence, quality and patient satisfaction as we are. Please submit your application via our website at
www.haltonhealthcare.com
directly to this posting and include a current copy of your resume.
W
e thank all those who apply but only those individuals selected for further consideration will be contacted.
In accordance with Directive #6, Halton Healthcare has implemented a COVID-19 Vaccination and Management Policy. All new hires must be fully compliant with our Policy as a condition of employment with Halton Healthcare. Successful applicants will be required to provide proof of vaccination or proof of a documented medical exemption as part of the hiring process.
In accordance with the
Accessibility for Ontarians with Disabilities Act
and the
Ontario Human Rights Code,
Halton Healthcare will provide accommodations throughout the recruitment and selection process.
If you require an accommodation, we will work with you to meet your accommodation needs to ensure your equal participation.
All personal information is collected under the authority of the Freedom of Information and Protection of Privacy Act.
Halton Healthcare is a smoke free facility in and around all three sites. Smoking is not permitted on hospital properties. We thank everyone who works at or visits our hospitals for respecting this healthy initiative. We are also a scent-free environment for all employees and visitors to accommodate individuals’ health concerns arising from exposure to scented products. We ask for everyone's cooperation in our efforts to accommodate health concerns."
"SHERBROOKE - INFIRMIER OU INFIRMIÈRE AUXILIAIRE - LISTE DE RAPPEL - Rose Blanche, NL - Indeed.com","Le Groupe Champlain inc. est un regroupement de treize (13) centres d’hébergement privés conventionnés situés dans plusieurs régions du Québec. Plus que jamais, Groupe Champlain entend devenir la référence première au Québec reconnue pour son humanitude et l’excellence opérationnelle de son continuum de services. Groupe Champlain est une organisation apprenante qui développe la capacité de se transformer, à s’adapter pour innover dans la réalisation de sa mission, éléments par lesquels se définit sa philosophie de gestion. Groupe Champlain en appel à l’engagement de tous dans le développement de ces capacités en comptant sur la synergie de toutes ses équipes de travail, en relation avec la clientèle et ses proches.
Description :
Notre équipe et nos 60 résidents sont présentement à la recherche d’un (e)
INFIRMIER(ÈRE) AUXILIAIRE
Liste de rappel - JOUR / SOIR / NUIT
incarnant des valeurs de bienveillance, d’excellence, de cohérence, d’ouverture et de transparence.
Vous aimez travailler en équipe et avez un bon sens relationnel ?
Vous êtes dynamique, capable de prendre des initiatives et avez le sens des responsabilités ?
Si c’est le cas, n’hésitez pas à nous rejoindre, nous partageons la même philosophie !
Prenez soin de nos résidents en :
Participant à la réalisation d’un ensemble de soins infirmiers en collaboration avec l’équipe de soins ;
Contribuant à l’évaluation de l’état de santé du résident et à la réalisation de son plan de soins ;
Prodiguant des soins et des traitements infirmiers et médicaux et de bien-être à la fois préventifs et curatifs.
En participant à l’éducation thérapeutique de nos résidents et de leurs proches.
Rejoignez-nous et bénéficiez des avantages et privilèges suivants :
Faire partie d’un Groupe agrée avec « mention » par Agrément Canada et donc reconnu pour sa qualité de services au-delà des exigences.
Rejoindre un établissement chaleureux et familial, favorisant l’entraide et le travail d’équipe.
Notre gestion de proximité permet à nos employés d’être créatifs et de participer à la vie du centre.
Formation continue durant toute votre carrière à nos côtés.
Vous bénéficierez des mêmes conditions de travail et avantages sociaux que dans le réseau public de la santé (Salaire de 22,59$ à 30,46$, régime de retraite et d’assurances collectives avantageux, 4 semaines de vacances annuelles, 13 congés fériés par année…)
Exigences :
Nous recherchons avant tout une personne autonome, fiable, aimant « soigner et prendre soin » des résidents et ayant envie de travailler en équipe pluridisciplinaire.
En tant qu’infirmier auxiliaire spécialisé en gériatrie, vous devrez avoir une approche globale en prenant en compte les dimensions polypathologiques, biologiques, psychologiques, sociales et culturelles du résident.
Détenir un permis d’exercice de l’Ordre des Infirmières et Infirmiers auxiliaires du Québec (O.I.I.A.Q) ;
Détenir un diplôme d’études professionnelles (DEP) en santé, assistance et soins infirmiers ;
Posséder une expérience en soins de longue durée (atout) ;
Les retraités, jeunes diplômés infirmiers et étudiants en attente de l'examen de l'Ordre sont les bienvenues dans notre établissement.
Le générique masculin est utilisé sans aucune discrimination et a pour seul but l’allégement du texte.
Nous souscrivons au principe de l’accès à l’égalité. Les candidatures des minorités visibles, des minorités ethniques, des autochtones, des personnes handicapées et des femmes sont encouragées. Des mesures d’adaptation peuvent être offertes aux personnes handicapées en fonction de leurs besoins."
