Title,Description
"Junior Accountant - London, ON - Indeed.com","Posting Number
40256
Requisition Title
Junior Accountant
Internal Posting Closing Date
External Closing Date
Open Until Filled
Yes
Campus Location
London
Department
Financial Services (FIN)
Employment Group
Support
Pay Details
$27.93 per hour
Hours of Work per Week
35
Monday to Friday 8:30 a.m. to 4:30 p.m.
Summary
Working at Fanshawe College
In support of a healthy campus to learn, live and work, Fanshawe College moved the majority of our Academic, Support and Administrative operations online to curb the spread of COVID-19. Today, the majority of these services continue to be delivered remotely, however as public health guidelines allow for more in-person services, Fanshawe College has begun welcoming our community back for on-campus activities.
As an employee of Fanshawe College you may be required to work on-campus, remotely, or a combination thereof. Confirmation of your work location will be clarified with you upon hire, and may be subject to change based on the duties required of your position.
Fanshawe College strongly believes the key to maintaining a healthy campus and community, and to protect each other, is to adhere to all public health guidelines, including vaccination.
As of November 5, 2021, Fanshawe College requires all students, staff, and visitors to all campuses to be fully vaccinated in order to attend the campus in-person.
For those individuals that medically cannot be vaccinated, please advise us when contacted for an interview and arrangements can be made to participate virtually.
Note:
This is a full-time temporary position until September 22, 2022 (35 hours per week).
Duties:
Under the direction of the Senior Manager, Financial Services, the incumbent completes accounting processes required to reconcile the College’s bank accounts; maintaining internal controls over the College’s accounts receivables, and in providing clerical support and assistance to the Corporate Insurance program.
Qualifications
Post-secondary 2-year diploma in Financial or Accounting Studies
Current enrolment in an introductory level of an accredited accounting program leading to a professional accounting designation
Minimum 2 years’ accounting and bank reconciliation experience gained as a team player in a service oriented office environment using a variety of computer software packages such as spreadsheets and word processing in an educational environment
An equivalent combination of education and/or experience may be considered; preference will be given to applicants meeting the education requirements
Demonstrated strong organizational skills and attention to detail
Demonstrated ability to work independently and as a team
Demonstrated excellent verbal and written communication skills
General Information
While transcripts are not required for the interview, they are mandatory prior to any offer of employment.
We thank all applicants for their interest; however, only those chosen for an interview will be acknowledged.
Fanshawe College is an equal opportunity employer. We are committed to equity, value diversity, and welcome applicants from diverse backgrounds.
Fanshawe College provides accommodations to job applicants with disabilities throughout the hiring process. If a job applicant requires an accommodation during the application process or through the selection process, the hiring manager and the Recruitment Coordinator leading the recruitment will work with the applicant to meet the job applicant’s accommodation needs."
"Customer Service and Finance Officer - Yellowknife, NT - Indeed.com","The City of Yellowknife is an inclusive employer offering a dynamic and rewarding work environment that delivers valuable services to our residents. Working in Local Government provides many opportunities to not only develop your career but also to improve the lives of residents and visitors to Yellowknife! At the City, the diverse backgrounds of our employees help us to create a positive, safe and fun environment for us all. The City of Yellowknife is currently seeking a qualified individual to assume the position of Customer Service and Finance Officer with the Corporate Services Department.
Under the general supervision of the Manager, Financial Services and the direct supervision of the Supervisor, Customer Service and Finance, the incumbent provides a full range of clerical and customer support services for both finance and customer service functions on a daily basis. This includes accounts payable, accounts receivable, cash receipts, and utilities, and reconciliation of sub-ledgers to the various asset and liability general ledger accounts. The incumbent is also responsible for issuing various permits, assisting with the Business and Lottery Licensing processes, sorting mail, providing cashier services, carrying out filing and file control activities, answering telephones, performing switchboard duties, and providing service to the public over the telephone and in person at the service counter, as well as handling and resolving customer inquiries and maintaining files for the department. The incumbent is required to rotate within the Finance Division as deemed necessary by the Supervisor or Manager.
This position requires exceptional customer service skills and the ability to use computers, photocopiers, fax machines, telephone equipment and integrated accounting/financial and database software. Understanding of accounting principles is required which is normally gained through vocational training and experience. Well-developed organizational and verbal skills, including tact and diplomacy, are necessary for the incumbent to multi-task when dealing with customer enquiries. The incumbent must have an ability to interpret By-laws in order to clarify these for the public. The incumbent must be bondable. The work requires the incumbent to have specialized formal education or training in a broad accounting discipline such as successful completion of a post-secondary diploma program, preferably related to accounting or enrollment in a formal accounting program and two to three years of practical experience in both finance and customer service.
The City of Yellowknife offers a competitive salary range of $59,306 - $69,558 plus a comprehensive benefits package which includes a monthly housing allowance and defined benefit pension plan.
Qualified applicants are required to apply no later than February 1, 2019.
Please visit the City of Yellowknife Website at:
www.yellowknife.ca to submit your resume.
Please be advised that the City of Yellowknife requires all prospective employees to provide a criminal records check prior to employment. We thank all applicants who apply, but advise that only those to"
"Accounting Specialist- IDEAL Canada - Ajax, ON - Indeed.com","Overview:
IDEAL INDUSTRIES, INC.
has been propelled by the principles of its founder, J. Walter Becker, for over a century. Since the beginning, this family-run enterprise has been committed to building ideal relationships with its customers, employees and communities, creating some of the industry’s most innovative and trusted products along the way. This commitment to quality and service will continue to spur the success of IDEAL INDUSTRIES, INC. and its family of companies, for generations to come. This role is located in Ajax, Canada- no relocation provided.
Responsibilities:
Reporting directly to the Manager, Accounting & IT this position is responsible for all communications with internal and external clients regarding payments and invoices.
55% - Responsibilities cover the entire Accounts Payable cycle including batching payments, entering, and reconciling system transactions, ensuring corporate compliance with business teams, and forecasting DPO (Days Payable Outstanding) metrics.
45% - Assist in data analysis to improve DPO, assist in accounting & finance ERP (Enterprise Resource Planning) system transition, & provide month end close and reporting support.
PRIMARY RESPONSIBILITIES
:
Completes payments and controls expenses by receiving, processing, verifying, and reconciling invoices to system reports and subledger accounts.
Pays employees expenses by receiving and verifying expense reports using SAP Concur
Ensures business teams follow procurement controls and continuously improve processes from purchase to payment.
Reconciles processed work by verifying entries and comparing system reports to balances.
Assist in managing cash flow by monitoring discount opportunities, scheduling and preparing cheques, and resolving purchase order, contract, invoice, or payment discrepancies and documentation and reporting DPO.
Assist in month end activities including reporting, preparing journal entries, and account reconciliations.
Lead AP digital transformation during and post ERP transition (i.e., transfer more vendors to wire payments, integration with Concur, routing approvals entirely via software etc.)
Assist with adhoc cross functional departmental projects requiring excel/data query analysis
Qualifications:
Diploma in Business Administration with a focus on accounting preferred.
1 to 2 year’s related experience required.
Excellent verbal and written communication skills.
Proficient in Microsoft Office Suite (specifically excel and word) related software as well as other accounting software programs
Ability to work independently in a fast-paced environment.
Ability to anticipate work needs and interact professionally with stakeholders.
Excellent organizational skills and attention to detail.
Motivated to continuously improve business processes and drive change."
"Manager, Finance - Closing November 22nd, 2021at 4pm - Charlottetown, PE - Indeed.com","This is an exciting opportunity to join a fast paced and growing environment in a key leadership role. The Manager, Finance is a key contributor to the leadership team and is accountable for the management and protection of all Red Shores assets. The Manager, Finance is responsible to lead the Finance, Audit and Shipping & Receiving teams, ensuring their growth, development, and contribution to overall business goals.
The Manager, Finance will lead this team ensuring compliance with the PEI Lotteries Commission, Atlantic Lottery, provincial, federal and other applicable laws and regulations. This leader will liaise with Atlantic Lottery Head Office ensuring Red Shores alignment to corporate deadlines, processes, and practice.
Date Posted
Nov 4, 2021
Type
Full-time - Permanent
Career Level
Experienced
Category
Accounting and Financial
Website
http://www.redshores.ca"
"bookkeeper - Coquitlam, BC - Indeed.com","Business Equipment and Computer Applications
MS Excel
MS Word
Specific Skills
Reconcile accounts
Record and balance daily transactions
Prepare trial balance of books
Post journal entries
Perform basic bookkeeping tasks
Ensure that procedures are conducted in accordance with laws and regulations
Calculate fixed assets and depreciation
Maintain general ledgers and financial statements
Calculate and prepare cheques for payroll
Prepare other statistical, financial and accounting reports
Keep financial records and establish, maintain and balance various accounts using manual and computerized bookkeeping systems
Work Conditions and Physical Capabilities
Fast-paced environment
Attention to detail
Tight deadlines
Overtime required
Work Location Information
Urban area
Personal Suitability
Accurate
Client focus
Judgement
Reliability
Organized"
"accounting assistant - Langley, BC - Indeed.com","or equivalent experience
Business Equipment and Computer Applications
ACCPAC
MS Windows
Database software
Accounting software
MS Outlook
Area of Specialization
Invoices
Reports
Forms and records
Specific Skills
Type and proofread correspondence, forms and other documents
Sort, process and verify applications, receipts and other documents
Send and receive messages
Provide general information to clients and the public
Prepare and format page presentation
Perform basic bookkeeping tasks
Organize and schedule office work
Label, file and retrieve documents
Receive and forward telephone or electronic enquiries
Process incoming and outgoing mail manually or electronically
Prepare invoices and bank deposits
Photocopy and collate documents for distribution, mailing and filing
File material in storage area
Order office supplies and maintain inventory
Security and Safety
Bondable
Transportation/Travel Information
Own transportation
Own vehicle
Valid driver's licence
Work Conditions and Physical Capabilities
Repetitive tasks
Attention to detail
Combination of sitting, standing, walking
Work Location Information
Urban area
Personal Suitability
Effective interpersonal skills
Accurate
Excellent oral communication
Excellent written communication
Client focus
Dependability
Reliability
Organized
Adaptability
Collaborative
Analytical
Creativity
Efficiency
Energetic
Goal-oriented
Hardworking
Integrity
Outgoing
Positive attitude
Proactive
Quick learner
Time management"
"accounting bookkeeper - Abbotsford, BC - Indeed.com","Specific Skills
Reconcile accounts
Prepare trial balance of books
Post journal entries
Calculate fixed assets and depreciation
Maintain general ledgers and financial statements
Calculate and prepare cheques for payroll
Prepare other statistical, financial and accounting reports
Prepare tax returns
Keep financial records and establish, maintain and balance various accounts using manual and computerized bookkeeping systems"
"PART-TIME BOOKKEEPER - North Vancouver, BC - Indeed.com","Job Description
Our outsourced accounting business has an opening for an experienced accounting or bookkeeping staff member. We are growing and require persons with full cycle accounting experience. Preference will be given to those with a wide variety of experience and to those with public practice accounting experience as well as extensive experience with Quickbooks and Quickbooks Online.
Role Responsibilities
We have the technical ability to allow staff to work on companies accounting records remotely. As a result, while the position requires working from our office it is coupled with the ability to work remotely, at times away from our office, creating a highly flexible work environment.
We attempt to offer the most flexible work environment possible.
Successful candidates will provide bookkeeping and /or accounting functions to monthly clients. In addition, some administrative duties are part of the job description
Desired Skills
Self-motivated, strong attention to detail, and ability to work independently
Proficient with use of QuickBooks (Online), Xero, and/or Simply Accounting
Experience will full cycle bookkeeping
Superior keypunching skills
Superior communication (written/verbal) & client management skills
Employment Type:
Part-time with flexible hours
Salary:
Based on Experience
Closing Date:
Open
Software skills:
+ Microsoft Excel
+ Microsoft Word
+ Outlook"
"bookkeeper - Hornepayne, ON - Indeed.com","Specific Skills
Reconcile accounts
Prepare trial balance of books
Post journal entries
Calculate fixed assets and depreciation
Maintain general ledgers and financial statements
Calculate and prepare cheques for payroll
Prepare other statistical, financial and accounting reports
Prepare tax returns
Keep financial records and establish, maintain and balance various accounts using manual and computerized bookkeeping systems
Personal Suitability
Accurate
Dependability
Reliability"
"bookkeeper - Oshawa, ON - Indeed.com","Business Equipment and Computer Applications
MS Excel
MS Windows
MS Word
Specific Skills
Reconcile accounts
Prepare trial balance of books
Post journal entries
Calculate fixed assets and depreciation
Maintain general ledgers and financial statements
Calculate and prepare cheques for payroll
Prepare other statistical, financial and accounting reports
Prepare tax returns
Keep financial records and establish, maintain and balance various accounts using manual and computerized bookkeeping systems
Work Conditions and Physical Capabilities
Fast-paced environment
Work under pressure
Repetitive tasks
Attention to detail
Tight deadlines
Overtime required
Personal Suitability
Flexibility
Accurate
Team player
Dependability
Reliability
Organized
Benefits
Other Benefits"
"Part-time Professor- Accounting - Oshawa, ON - Indeed.com","Durham College is seeking an experienced and motivated professional who shares our commitment to quality and student success. The School of Media Art and Design requires a part-time professor to teach
ACCT 1307 Accounting,
two 3-hour sections per week, Winter 2022. Course delivery currently utilizes a hybrid approach with option to be fully remote (online).
IMPORTANT NOTE FOR PART-TIME FACULTY APPLICANTS
Part-time faculty teach up to 6 hours per week with varied schedules Monday through Thursday between 8:00 am and 9 pm and Fridays between 8:00 am and 6:00 pm.
For more information about the different courses available, please look at the link to our School: ""School of Media Art and Design”.
The Music Business Administration program prepares students to enter any field of the music industry equipped with a solid foundation of relevant knowledge and business practices, and plenty of hands-on experience. Students learn to manage revenue streams, book tours, draft and negotiate contracts, manage artists and venues, plan and execute events, design websites, market and promote artists and merchandise, build a network, and much more.
This is a foundational accounting course for people who will eventually be expected to manage or work with those who manage the financial resources of entertainment organizations. Students are not required to have prior knowledge of accounting. The student will be shown how financial information is recorded and accumulated, and how that information is used as a basis for sound business decisions.
The responsibilities of Durham College Part-time Professors include, but are not limited to:
Creating a positive learning environment that accommodates students’ diverse cultural and educational backgrounds, experiences, and individual learning styles;
Utilizing principles of adult education to actively engage students in the learning process;
Effectively using educational technologies to support learning, manage and post grades, and deliver hybrid and on-line courses;
Developing curriculum that uses appropriate strategies and tools to assess student learning;
Ensuring that course and program curriculum is current and relevant;
Working independently and demonstrating initiative; and
Working effectively with students, the program team, and a variety of internal and external stakeholders.
The ideal candidate will meet or exceed the following qualifications:
Post-secondary education in Accounting or Finance, CPA designation preferred but not mandatory. Ideally, candidate will have experience working with the major accounting concepts related to music industry.
High proficiency in Quickbooks and Excel.
A minimum of five years recent relevant work experience (within the past three years) with a demonstrated ability to analyse and execute financial statements as they pertain to music businesses.
Proven track record of life-long learning;
Demonstrated ability to work effectively with a variety of internal and external stakeholders including students, faculty, support staff, administrators and community stakeholders.
Participation in industry-led or community-based applied research, innovation and service-learning is an asset
An understanding of the Ontario college system and outcomes based learning preferred.
Teaching experience at the post-secondary level with a demonstrated understanding and application of Universal Design for Learning principles and current assessment methodologies preferred.
Demonstrated use of current technologies to support student learning and the management of grades preferred.
Durham College policy requires employees be available for on campus work. In addition, there is currently a requirement to be fully vaccinated against COVID-19 in order to attend our campuses. College policies are listed here.
Required Skills
Required Experience"
"Accounts Payable Clerk - Burlington, ON - Indeed.com","Company Profile
CIMCO specializes in the engineering, design, manufacture, installation and service of complex thermal building solutions for industrial, process cooling and recreational refrigeration and mechanical systems. For more than 100 years, CIMCO’s leadership and unparalleled research, development and manufacturing programs has put us at the forefront of industry advancements and technological breakthroughs. Our professional engineers, technicians and designers apply innovative state-of-the-art equipment and refrigerants to develop systems that meet even the most complex thermal challenges.
We offer our employees excellent compensation, medical and dental benefit programs, retirement savings options, career development opportunities, mentoring and continuing education.
Position Summary
CIMCO is looking for a full time Accounts Payable Clerk for the Team. This role will appeal to you if you are a highly organized administrative professional who takes pride in the accuracy of your work, attention to detail and ability to meet strict timelines on a consistent basis.
The successful candidate will be responsible, in part, for the efficient and accurate data entry of invoices into SAP and will have 1 to 3 years of experience.
Please note that currently the role is 90% remote based until further notice and effective June 2022, it will based out of the Burlington Office.
Role Responsibilities
review and verify invoices and check requests
enter and upload invoices into system
research and resolve invoice discrepancies and issues
correspond with vendors and respond to inquiries
assist with month end closing
Other duties as requested.
Required Professional Knowledge, Skills & Qualifications
Efficient & accurate data entry skills
Knowledge of SAP or other ERP systems
Detail oriented
Highly organized with the ability to prioritize.
Ability to work both independently and within a team setting
Flexibility to navigate changing business demands
Closing Statement
We thank all applicants for their interest, however, only those selected for an interview will be contacted.
Employment Equity
CIMCO is committed to creating an inclusive environment where people from all backgrounds can thrive. Together, we embrace diversity of thought, experience, and perspective, as we combine our unique skills and capabilities to drive successful outcomes for all stakeholders. As an equal opportunity employer, CIMCO provides accessibility accommodations during the recruitment process. Should require any accommodation, please let us know, and we will work with you to meet your needs."
"Billing Clerk - Milton, ON - Indeed.com","Why work at TRAFFIX? :
You need to work at TRAFFIX to enjoy our:
Culture of Respect, Expertise, Collaboration and Entrepreneurship
Get involved with our Book Club, join one of our Steering Committees, or sign up for one of our employee events such as Game Night, Cooking Classes, and more!
Work with a team that Supports and Respects each other at a company where Diversity, Equity, & Inclusion is a Celebrated!
Choose your own work environment! TRAFFIX offers fully remote or work-from-home opportunities.
- If you have ideas that you wish someone would listen to - tell us! We love the Entrepreneurial spirit, and we strive for Continuous Improvement!
Get involved with your community through our partnership with Big Brothers Big Sisters
Enjoy Self Improvement opportunities through our Learning Management System and TRAFFIX Academy; or take advantage of our Tuition Reimbursement Program
- And of course - get paid fairly for your Experience with included Benefits!
Sound good? Keep reading and APPLY TODAY!
Position Overview:
The Bilingual Billing Clerk reports to the Billing Supervisor and is responsible for managing various assigned accounts. The aim and objective of this role is to ensure the correct and all documentation are received, billings are completed in a timely manner and the accurate preparation of invoices to meet monthly targets. The Billing Clerk must work closely with other departments such as operations (order entry), AP and AR for timely resolution of discrepancies. The expectation is to have good organization skills, work with little supervision and as part of a team in a fast pace environment.
What You Will Be Doing:
Check data input to ensure accuracy on Customer billings and for Carrier payments
Create/post customer invoices through various channels
Answer questions and handle inquiries regarding invoices, and load
Follow up with relevant department for missing documentation when necessary
Ensure Carrier files are updated with correct payment method and payee
Able to process credit and rebills and resolve order discrepancies
Must be able to communicate with all levels of the organization
What You Will Need:
Demonstrates a working knowledge of basic accounting practices
Exceptional data and computer skills
Ability to vet a high volume of transactions with efficiency and great deal of accuracy
Outstanding communication skills, both written and verbal
Strong problem-solving and organizational skills
Hardworking, dedicated, team player with a positive attitude
Must have experience in logistics/transportation industry
APPLY TODAY to start your new career! Set up roots with a team you can depend on and have fun working with!"
"bookkeeper - Oakville, ON - Indeed.com","or equivalent experience
Business Equipment and Computer Applications
MS Excel
MS PowerPoint
MS Windows
MS Word
MS Outlook
Specific Skills
Reconcile accounts
Prepare trial balance of books
Post journal entries
Maintain general ledgers and financial statements
Calculate and prepare cheques for payroll
Prepare other statistical, financial and accounting reports
Keep financial records and establish, maintain and balance various accounts using manual and computerized bookkeeping systems
Security and Safety
Basic security clearance
Transportation/Travel Information
Public transportation is available
Work Conditions and Physical Capabilities
Fast-paced environment
Attention to detail
Personal Suitability
Effective interpersonal skills
Flexibility
Accurate
Excellent oral communication
Excellent written communication
Client focus
Reliability
Organized
Workplace information
Remote work available"
"Day Auditor - Start Date ASAP - Banff, AB - Indeed.com","Why join us?
We work and play in Canada’s most beautiful playground, Banff National Park, and you can too. Sunshine Village is the premier ski resort in Western Canada. If you want to be part of making our guests’ ski experience unforgettable and think a winter season skiing and riding on the best powder in the Rockies would be great too, then read on for more information...
The Perks:
FREE - Your staff pass is your ticket to ride Sunshine!
Ski & Ride – Free days & discounts at resorts across Canada
Staff Events – Staff parties, BBQs, spring night skiing, dog sledding, ice climbing & more
Career – Recognition programs & Career development opportunities
Wellness – discounted fitness passes, yoga, onsite support & professional support
Onsite discounts – Food & beverage, retail, & hotel stays
Exclusive deals – Brand-named gear & local businesses
And much, much more!
What can you expect?
The Day Auditor, as part of the Accounting Team, ensures the accurate preparation, review and reconciliation of the daily cash deposits, receipts, cash floats, other cash related transactions at the resort. The Day Auditor steps in to assist Guest Services with selling tickets during peak guest visit periods. You will be interacting with many of the internal departments across the resort, external parties, and making sure our guests have a WOW impression of our resort!
This job might be right for you if you think you would really enjoy:
If you value time management Communicating in an effective and friendly manner
Enjoy working with people, and numbers!
Performing a broad range of duties with minimal supervision
And you have:
A friendly, positive attitude and you love helping people
A superb eye for details and excellent time management skills
Experience in accounting
Strong math and data entry skills
Excellent interpersonal, communication and problem solving/analytical skills.
You enjoy helping out other team mates and departments
Can’t wait to get started? Great, because we can’t wait to hear from you! Apply online at SkiBanff.com/jobs/ and tell us why you’re the next awesome member of our team. Remember, we’re looking for people who will wow our guests, so start now and wow us."
