Title,Description
"JR Bookkeeper - Whitby, ON - Indeed.com","We are looking for a bookkeeper for our client, an accounting firm in Ontario. This is a part-time permanent remote position, approximately 15 hours per week to start, with growth ability.
The accounting professionals we are looking for will be/have:
Comfortable in a tech savvy environment and can quickly learn and understand new applications
Willing to learn many new tasks and applications; we are happy to teach the right candidate
Professional, yet personable, in communication with internal and external clients
Strong ability to maintain professional judgment and integrity
Top level attention to detail and time management
Effective and professional in communicating with clients and partners verbally and in writing
Committed and loyal with the desire to grow with the company
Confident to work to work autonomously in a remote environment in support for multiple clients and deadlines across various industries, simultaneously
Able to analyze a situation and investigate issues in order to resolve accurately; not afraid to ask questions
The responsibilities in this role will be:
General bookkeeping tasks using QuickBooks Online, including AR, AP, bank reconciliation
Payroll processing weekly on Mondays
Qualifications & Technology skills that you need are:
1-2 years of accounting and bookkeeping experience is required, preferably within a multiple business organization (i.e. you have worked on multiple clients’ accounts at any given time) such as another accounting firm
Post-secondary education (college, university, trade) in accounting or bookkeeping (Certificate or diploma)
1-2 years of payroll processing experience using online payroll software
Experience using QuickBooks Online accounting software for day-to-day business accounting for multiple businesses is required
Experience using integrated online applications such as Dext or Hubdoc
Why is this a great place to work at?
Casual atmosphere with flexible work schedule; not a high-pressure work environment
Eligibility for group RRSP plan
Provides “above the desk” supplies for virtual employees, including laptop, monitor, mouse, etc.
Forward thinking, growing organization
If this sounds like you and you would like to be considered, please submit your resume and cover letter.
Only serious and qualified applicants will be considered. Only applicants under consideration will be contacted and will be required to complete accounting aptitude and software tests, provide proof of certification, as well as references.
We look forward to hearing from you!
A bit about Find Our Bookkeeper™
We are Watkin Small Business Services, a former accounting services firm that has developed a recruitment and referral services program called Find Our Bookkeeper™ where we work with businesses, and accounting firms, who are looking for skilled bookkeepers. We work to connect a business, or accounting firm, with a qualified, talented and driven bookkeeper that is the right fit for the business' needs, industry and goals, and where the business is also a good fit for the bookkeeper. We are NOT a placement or employment agency.
To learn more about our program and how we work with businesses and bookkeepers go to https://findourbookkeeper.ca.
Reference ID: FOB-0721-3
Job Types: Part-time, Permanent
Salary: $18.00-$22.00 per hour
Benefits:
Work from home
Schedule:
Monday to Friday
Experience:
QuickBooks Online: 1 year (preferred)
Bookkeeping: 1 year (preferred)
Payroll Processing: 1 year (preferred)
Work remotely:
Yes"
"FO 18R - Verifier - Kelowna, BC - Indeed.com","Verifier
Financial Officer R18
There are currently two full-time permanent positions available.
An eligibility list may be established to fill future permanent and/or temporary vacancies in Kelowna.
On November 1, 2021 the BC Public Service announced the COVID-19 Vaccination Policy that defines the conditions and expectations for BC Public Service employees regarding vaccination against COVID-19. Among other possible measures, proof of vaccination will be required by November 22, 2021. It is a term of acceptance of employment that you agree to comply with all vaccination requirements that apply to the public service. More information can be found here.
An excellent opportunity for a dedicated professional
The Business Risk Management Branch (BRMB) business mission is to provide quality, innovative agricultural risk management products and services that help farmers and farm organizations proactively manage uncertainty. BRMB delivers a suite of agriculture business risk management programs, which include AgriStability, AgriInvest, AgriRecovery, Production Insurance, and Agriculture Wildlife Programs, for agricultural losses. The service objective is to provide a single point of contact for client services for the suite of programs and to provide risk management advice and perspective in support for all Ministry plans and programs.
The Verifier works as part of an Operations team to facilitate the verification of producer applications for payment of AgriStability benefits. Verification involves a thorough review of tax returns and program application forms to verify that the revenue, expenses, inventory, receivables, payables are accurate within program tolerances. Verifiers work closely with participants and regional staff to validate data and obtain information. Verification work is complex, detailed, voluminous and time-sensitive, requiring attention to detail, excellent organization skills and the ability to assess financial data and other relevant agriculture sector information in order to verify and adjudicate benefits. This role is particularly challenging due to the varied and complex provincial agriculture sector. The incumbent requires considerable knowledge of the AgriStability program, B.C. commodities, farm income determination, farm tax preparation, generally accepted accounting principles (GAAP), and business risk management processes.
Kelowna is known for its spectacular selection of wineries, and it is set on the shores of Okanagan Lake, providing water activities like swimming, paddling, windsurfing and fishing. Big White, the ski mountain in Kelowna, allows for skiing and snowboarding.
With over 200 different occupations available in 280 communities across the province, we offer exciting opportunities for your career. Come be a part of the BC Public Service, a Top 100 Employer that embraces diversity, health and career growth. For more information, please see What We Offer.
The BC Public Service is committed to creating a diverse workplace, value differences, and fosters inclusion.
The Indigenous Applicant Advisory Service is available to applicants that self-identify as Indigenous (First Nations, status or non-status, Métis, or Inuit) seeking work or already employed in the BC Public Service. For advice and guidance on applying and/or preparing for an interview for this opportunity, we invite applicants to connect with the Indigenous Applicant Advisor Amanda by email: IndigenousApplicants@gov.bc.ca or by phone:
778-698-1336
.
For complete details about this opportunity, including accountabilities, please refer to the attached job profile. For specific position related enquiries, please contact Michelle.Kirkbright@gov.bc.ca.
DO NOT SEND YOUR APPLICATION TO THIS EMAIL ADDRESS.
For more information about how to complete your job application, add/edit your resume and for more useful tips when applying for jobs, please refer to the Your Job Application page on the MyHR website. If you are still experiencing technical difficulty applying for a competition, please send an e-mail to BCPSA.Hiring.Centre@gov.bc.ca, before the stated closing time, and we will respond as soon as possible to assist you.
NOTE:
Applications will be accepted until 11:00 pm Pacific Standard Time on the closing date of the competition.
Job Requirements:
In order to be considered for this position, your application must clearly demonstrate how you meet the
education and experience
as outlined below:
Education:
Bachelor’s degree
in a related science or business field (agriculture, accounting, business administration, public administration, etc.) and a minimum of
1 year
related, current (within last 5 to 7 years) and progressive experience*;
OR
A diploma
in a related science or business field (agriculture, accounting, business administration, public administration, etc.) and a minimum
2 years
related, current (within the last 5 to 7 years) and progressive experience*;
OR
Grade 12
graduation or equivalent (i.e., GED)
plus
post-secondary courses in agriculture or accounting and
3 years
related, current (within the last 5 to 7 years) and progressive experience*;
OR
An equivalent combination of education and experience may be considered.
Experience:
6 months experience delivering or providing excellent service to external clients.
Related current (within the last 5 to 7 years) and progressive experience includes:
Demonstrated experience interpreting, analyzing and summarizing data, and performing financial analysis.
Preference may be given for experience in any of the following:
Formal training in accounting (designation or working towards designation).
Experience with farm tax, farm accounting, or verification processes.
Experience in the agriculture sector.
Experience with programs delivered by the Business Risk Management Branch and their linkages
Applicants selected to move forward in the hiring process may be assessed on the Knowledge, Skills, Abilities and Competencies as outlined in the attached Job Profile located in the Additional Information section at the bottom of the posting.
A Criminal Record Check (CRC) will be required.
APPLICATION REQUIREMENTS:
Cover Letter: NO
- Please do not submit a cover letter as it will not be reviewed.
Resume: YES
- Ensure your resume includes your educational accomplishments, employment history including start and end dates (month and year) of your employment, and any relevant information that relates to the job to which you are applying.
Questionnaire (COMPREHENSIVE): YES
- As part of the application process, you will be prompted to complete a comprehensive online questionnaire to demonstrate how you meet the job requirements. Please allot approximately 60 minutes to complete the questionnaire.
IMPORTANT:
Comprehensive questionnaire responses will be used to shortlist applicants against the job requirements. Please ensure you include all relevant information about your educational accomplishments and employment history including job titles, start and end dates (month and year) of your employment, and your accountabilities and accomplishments."
"Assistant Accounting Manager - Cornwall, ON - Indeed.com","This position has various administrative duties and include accounts receivable and accounts payable management, monthly account reconciliations, and office management activities. Familiarity with Automotive Dealership operations and CDK Software is an asset. Competitive remuneration package, as well as a benefits package offered. For a chance to contribute to an exciting environment, come join our team.
Application deadline: 2021-10-29
Expected start date: 2021-11-22
Job Types: Full-time, Permanent
Salary: $18.50-$19.50 per hour
Benefits:
Casual dress
Company events
Dental care
Life insurance
On-site parking
Store discount
Schedule:
Monday to Friday
Experience:
Accounting: 2 years (preferred)
Work remotely:
No"
"SVP of Accounting, Corporate Controller - Toronto, ON - Indeed.com","ABOUT US:
DFO Global Performance Commerce is a rapidly expanding online performance marketing, product development, and technology organization. We build e-commerce fintech along with the most successful and innovative advertising online for consumer products. We combine expert marketing with technology, machine learning, and AI.
We’re looking for amazing people to help us with our continued growth. DFO Global Performance Commerce is a global agency, with offices in Canada, the United States, Brazil, the Netherlands, Hong Kong, Vietnam, the Philippines, and Australia. If you love technology and marketing and want to help us with our accounting, then please join us.
OVERVIEW:
This position will oversee all accounting operations across the company’s global footprint and will manage an international team of employees including a Revenue team, an AP team, Inventory Management, Collections, and a team responsible for GAAP reporting.
THIS IS A REMOTE POSITION. CANDIDATES ARE WELCOME TO APPLY!
YOUR RESPONSIBILITIES:
Experienced accounting leader who can train and elevate the skillset of a global accounting team.
This position will oversee all revenue arrangements, journal entries, prepayments, intercompany eliminations, and other accruals to conform to GAAP and 606 accounting requirements.
Responsible for the month-end close process, ensuring that the books are closed in a timely and accurate fashion and that any monthly fluctuations are known and understood.
Oversee the balance sheet, cash flow statements, bank reconciliation, and all GL-level reporting with an emphasis on data integrity.
Assist with inventory forecasting and inventory management accounting.
Assist with data reconciliation between different financial systems including the ERP, the BI, payment processor data, and the CRM.
Help simplify the legal entity structure and streamline organizational complexity.
Identify areas where greater operational efficiencies can be achieved in the accounting organization and implement new processes accordingly.
Must be comfortable doing a deep dive into the details and even stepping in, as needed, to ensure that deadlines are met.
Work closely with the CFO and other executives to communicate any operational accounting issues that may impact the business and advise on a go-forward strategy.
This position will report directly to the CFO.
YOUR QUALIFICATIONS:
Degree in accounting and/or CPA required
Minimum 10 years corporate accounting experience
Experience working for a multinational organization, managing a global team, and understanding different accounting standards across jurisdictions.
Experienced in inventory accounting with a background that includes supply chain management, fulfillment, or manufacturing
Expertise with NetSuite, familiarity with NetSuite integrations & add-ons
Exceptional leadership and communication skills
Strong attention to detail, efficient, accurate, and consistent
High level of confidentiality, discretion, and professionalism
BENEFITS:
Attractive salary and benefits
Best hardware
Education allowance
Premium medical insurance
DFO CULTURE:
Exciting and diverse team all around the world!
Value given to ideas and opinions
Friendly coworkers!
Valuers of innovation
HOW TO APPLY:
Please apply with your cover letter, resume, and your portfolio if you have one
Apply Now! If you love eCommerce, join our mission!"
"CLK 09R - Accounting Clerk - Victoria, BC - Indeed.com","Accounting Clerk
Clerk 09R
There are currently 2 positions available.
An eligibility list may be established.
On November 1, 2021 the BC Public Service announced the COVID-19 Vaccination Policy that defines the conditions and expectations for BC Public Service employees regarding vaccination against COVID-19. Among other possible measures, proof of vaccination will be required by November 22, 2021. It is a term of acceptance of employment that you agree to comply with all vaccination requirements that apply to the public service. More information can be found here.
Bring your strong administrative experience and superior organizational skills to this challenging position
The Accounting Clerk works within the Management Services Division supporting the Economy Sector Ministries including: Ministry of Municipal Affairs, Ministry of Labour, Ministry of Jobs, Economic Recovery and Innovation, and Ministry of Tourism, Arts, Culture and Sport. Working within Accounts Payable, ensure timely and accurate responses to inquiries and in processing of accounts payable transactions. The Accounting Clerk prioritizes tasks, uses sound time management, good judgment abilities, and excellent interpersonal skills to cope with a demanding workload.
The Accounting Clerk works with financial officers, managers, licensed professionals, and technicians in performing various technical and finance tasks to ensure adherence to applicable legislation, policy, and procedures. The position must communicate effectively with ministry staff, clients, the general public, and other government agencies and parties. Confidentiality, professionalism, and sensitivity must be exhibited in regard to some of the tasks performed by this position. The position must establish and maintain effective working relationships. The successful person for this position will be detail and customer service oriented, possessing a positive ‘can-do’ attitude, while being able to focus in a busy environment where they will be interrupted frequently; must be able to prioritize work effectively.
The BC Public Service is committed to creating a diverse workplace to represent the population we serve and to better meet the needs of our citizens. Consider joining our team and being part of an innovative, inclusive and rewarding workplace.
The Indigenous Applicant Advisory Service is available to applicants that self-identify as Indigenous (First Nations, status or non-status, Métis, or Inuit) seeking work or already employed in the BC Public Service. For advice and guidance on applying and/or preparing for an interview for this opportunity, we invite applicants to connect with the Indigenous Applicant Advisor Amanda by email: IndigenousApplicants@gov.bc.ca or by phone:
778-698-1336
.
For complete details about this opportunity, including accountabilities, please refer to the attached job profile. For specific position related enquiries, please contact Georgi.Georgiev@gov.bc.ca.
DO NOT SEND YOUR APPLICATION TO THIS EMAIL ADDRESS
. For more information about how to complete your job application, add/edit your resume and for more useful tips when applying for jobs, please refer to the Your Job Application page on the MyHR website. If you are still experiencing technical difficulty applying for a competition, please send an e-mail to BCPSA.Hiring.Centre@gov.bc.ca, before the stated closing time, and we will respond as soon as possible to assist you.
NOTE:
Applications will be accepted until 11:00 pm Pacific Standard Time on the closing date of the competition.
Job Requirements:
In order to be considered for this position, your application must clearly demonstrate how you meet the education and experience as outlined below:
Secondary school graduation or equivalent.
Experience working in an office setting. Preference may be given for experience in a financial role.
Training or experience in basic accounting or bookkeeping (i.e. accounting/bookkeeping course(s) (Financial Accounting Level 1), or 6 months working experience).
Experience providing customer service and information in person, via email and/or phone.
Preference may be given to applicants with:
Experience working with and applying government accounting system, financial policies and procedures (i.e.: Core Policy & Procedures Manual)
Post-secondary education in finance or accounting.
Experience in the Accounts Payable/Purchase Order (i.e.: contract) Modules of a financial system and/or CAS Oracle.
Applicants selected to move forward in the hiring process may be assessed on the Knowledge, Skills, Abilities and Competencies as outlined in the attached Job Profile located in the
Additional Information
section at the bottom of the posting.
A Criminal Record Check (CRC) will be required.
APPLICATION REQUIREMENTS:
Cover Letter: NO
- Please do not submit a cover letter as it will not be reviewed.
Resume: YES
- Ensure your resume includes your educational accomplishments, employment history including start and end dates (
month and year
) of your employment, and any relevant information that relates to the job to which you are applying. A resume is required as part of your application; however, it may not be used for initial shortlisting purposes.
Questionnaire (COMPREHENSIVE): YES
- As part of the application process, you will be prompted to complete a comprehensive online questionnaire to demonstrate how you meet the job requirements. Please allot approximately 60 minutes to complete the questionnaire.
IMPORTANT:
Comprehensive questionnaire responses will be used to shortlist applicants against the job requirements. Please ensure you include all relevant information about your educational accomplishments and employment history including job titles, start and end dates (month and year) of your employment, and your accountabilities and accomplishments."
"Finance Clerk, A/R - Leduc, AB - Indeed.com","Posting ID:
21 – 71
Finance Clerk, Accounts Receivable
Permanent full-time – 35 hours per week
$52,634.40 - $65,738.40/ annum
At the City of Leduc, our mission is People. Building. Community. We offer a collaborative and dynamic workplace where our values of Teamwork, Service, Respect and Leadership guide our conduct and contribute to a healthy culture. If you would like to work as part of a progressive organization and enjoy a fast-paced environment, then this may be the opportunity for you.
We are currently recruiting for a permanent full-time Finance Clerk, Accounts Receivable.
About the Opportunity:
Reporting to the Lead, Accounting Services, the Finance Clerk, Accounts Receivable invoices customers and reconciles accounts accordingly. The position provides backup support and relief for the Cashier at the Civic Centre finance counter.
Responsibilities of the position include, but are not limited to:
Accounts Receivable, generating invoices to City customers and processing all AR invoice requests as they come in
Cashier assistance and backup as required
Process cash/credit card payments to ensure prompt permit issuing
Collections duties for general AR and provide backup for Collections Clerk
Provide backup for Accounts Payable Clerk, processing AP batches, processing cheque and EFT batches and follow-up with other departments when required, issuing PO books, vendor follow-up, setting up EFT vendors, issuing MasterCards and MasterCard processing
Assist with bank reconciliations, processing EFT payments, and account reconciliations
Reconcile Transit commuter and ETS passes for Civic Centre, LRC and Leduc County
Month end reporting and statements
Qualifications:
You are the successful candidate for this position if you have the following:
Grade 12 diploma with accounting certificate or diploma from a recognized post-secondary institution
3 years’ experience in a fast-paced office environment
Previous job-related experience with Accounts Receivable, cashier experience, and the ability to multi-task and prioritize responsibilities
Experience using computerized financial software and Microsoft Office is required
Knowledge of Great Plains is an asset
Municipal government experience is an asset
Excellent independent organizational and time-management skills with the ability to multi-task and prioritize workload efficiently to respond to tight timelines
Attention to detail and discretion in handling confidential and sensitive information
Excellent interpersonal and communication skills, both written and verbal, to enable team work and promote positive internal/external customer service
Must be willing to provide a current Criminal Records Check at own expense
Must be fully immunized against COVID-19 and be willing to provide proof of immunization as part of the recruitment process
If this sounds like you, we want to hear from you! To apply, please visit our website at: www.leduc.ca/careers
Competition closes at 10:00 pm (MT) on November 29, 2021. This competition may be used to fill future vacancies at the same or lower classification level. Due to the high volume of resumes received, we are not able to respond to individual phone calls. We thank all applicants for their interest, however, only those selected for interviews will be contacted.
Job Type: Full-time"
"Accounting Clerk (Full Time) - Edmonton, AB - Indeed.com","Accounting Clerk (Full Time)
At Fairmont Hotel Macdonald, our financial operations thrive with the commitment of Colleagues who model our values of Respect, Integrity, Teamwork and Empowerment. Apply your passion for numbers as an Accounting Clerk, where your exacting standards will ensure accuracy in support of your team and hotel.
What is in it for you:
Employee benefit card offering discounted rates in Accor worldwide
Learning programs through our Academies
Opportunity to develop your talent and grow within your property and across the world!
Ability to make a difference through our Corporate Social Responsibility activities, like Planet 21
What you will be doing:
Ensuring proper documentation and approvals are obtained for all hotel invoices.
Inputting approved invoices accurately into the accounts payable system for payment.
Ensuring proper and timely payment of vendor invoices according to vendor terms and hotel’s cash availability.
Reconciling daily cash submissions from the various departments in the hotel and consolidating the bank deposits daily.
Ensuring that the cash machine is filled up & properly working so that all cash-handling employees have adequate monetary change throughout their work shifts
Performing house bank audits as required by the Company’s policies and procedures to ensure the safeguarding of all hotel cash.
Must be willing to work on a flexible schedule in order to accomplish all major responsibilities and tasks.
Must have a commitment to follow all local and corporate policies and procedures related to AP.
Verify that all invoices are supported by duly approved purchase orders when required, signed receiving documentation, and/or the approval of authorized management personnel.
Code invoices to the appropriate general ledger account, and record the vendor number.
Verify invoices to check the unit of issue, unit price, quantity, extension, and applicable taxes against the hotel purchase order and receiving advice.
Assist in maintaining an approved up-to-date vendor/supplier database on the accounts payable system.
Assist with the printing and submission of payment orders (wire transfers) with supporting documentation to the Controller and the General Manager for their signatures.
Maintain a close working relationship and communicate with the purchasing/receiving staff.
Assist with the Reconciliation of vendor statements monthly in order to ensure that the account is kept current.
Maintain proper filing order and alphabetical files by vendor containing complete invoices and backup attached to the bank (wire) transfers for efficient access after payment. All filing is to be kept current.
Process all Accounts Payable invoices and manual bank (wire) transfers through the computer system.
Forward all stopped payments (voided transfers) to the Accountant for journalizing.
Check vendor statements as they are received and resolve all discrepancies directly with the vendor.
Prepare manual payments orders (bank transfer or Cash) as required if directed by the Controller or Assistant Controller.
Consolidate and prepare the daily bank deposits in a timely manner
Prepare and maintain Over/Short Report by the cashier on a daily basis and forward to the Accountant and respective Department Heads on weekly basis.
Maintain daily cash over/short log.
Maintain current house bank agreements – all house bank agreements are to be not older than 15 months (if no change in the status of cashiers – a new bank agreement should be issued).
Conduct house bank audits on a regular basis according to established guidelines – minimum one audit per cashier in two months.
Make petty cash disbursements according to established guidelines.
Audit & Count the Cash Machine in the presence of another person (accounting staff and managers) as per policy - on monthly basis - and establish all counts/discrepancies in order to be properly reported to the Accountant.
Assist in cashier training and be available as needed to support cashiers in resolving problems in cash handling procedures
Strictly adhere to the hotels procedures for cash handling, cheque cashing, and petty cash disbursements.
Assisting in the store room stocking product and taking inventory as needed
Any other assigned by Accounting Department Management tasks, when they deem reasonable.
Your experience and skills include:
Experience in Accounting is a must.
Accounting education and previous Audit and/or Front Desk experience an asset.
Computer literacy is required, specifically in Excel, Micros, Opera and AccPac applications.
Strong guest service skills a must.
Excellent communications skills and professional demeanor required.
Physically fit to lift items repeatedly, stand and walk for a long duration of the shift.
Must be legally eligible to work in Canada. The hotel is unable to assist candidates in obtaining work authorization documents
In order to keep our employees and the general public safe from the threat of Covid 19 and the rise of variants in the community, the Hotel has implemented a Covid-19 Vaccination Policy.
Your team and working environment:
Edmonton's ""Chateau on the River"" For more than 100 years, Fairmont Hotel Macdonald has effortlessly delivered timeless luxury in the heart of downtown Edmonton. Nestled upon the North Saskachewan River Valley, the hotel's charm and ever-evolving elegance has earned it the spotlight as one of the city's most sought after locations. A storied past, an unparalleled present, and a future to be reckoned with, Fairmont Hotel Macdonald has set the stage for luxury in the heart of the city. Edmonton's only four-diamond ""Chateau on the River"" offers unparalleled views of North America's largest expance of urban parkland. Boasting dignified style and timeless grace, each of our 198 classically designed guestrooms, including specialty suites, are tastefully adorned with the finest amenities. In 2016, we forever changed the game in luxury was we unveiled a completely re-designed Fairmont Gold and Lounge. Delivering personalized and discreet service, this hotel within a hotel offers an unrivalled experience unlike any other the city has seen, and likely ever will. From seasonally inspired menus to dining experiences that will satisfy any craving, see what our chefs are preparing in our confederation lounge and our award winning restaurant, The Harvest Room.
Our commitment to Diversity & Inclusion:
We are an inclusive company and our ambition is to attract, recruit and promote diverse talent.
Why work for Accor?
We are far more than a worldwide leader. We welcome you as you are and you can find a job and brand that matches your personality. We support you to grow and learn every day, making sure that work brings purpose to your life, so that during your journey with us, you can continue to explore Accor’s limitless possibilities.
By joining Accor, every chapter of your story is yours to write and together we can imagine tomorrow's hospitality. Discover the life that awaits you at Accor, visit https://careers.accor.com/
Do what you love, care for the world, dare to challenge the status quo!
#BELIMITLESS"
"accounting bookkeeper - Abbotsford, BC - Indeed.com","Specific Skills
Reconcile accounts
Prepare trial balance of books
Post journal entries
Calculate fixed assets and depreciation
Maintain general ledgers and financial statements
Calculate and prepare cheques for payroll
Prepare other statistical, financial and accounting reports
Prepare tax returns
Keep financial records and establish, maintain and balance various accounts using manual and computerized bookkeeping systems"
"accounting manager - Niagara Falls, ON - Indeed.com","Operating Systems and Software
Sage Accounting Software
Budgetary Responsibility
$4,000,001 - $8,000,000
Computer Applications
MS Excel
MS Word
MS Outlook
Additional Skills
Train, direct and motivate staff
Plan and control budget and expenditures
Area of Specialization
Accounting
Internal audit
Financial planning
Work Setting
Hospitality industry
Specific Skills
Oversee the preparation of reports
Oversee the collection and analysis of financial data
Monitor financial control systems
Establish and implement policies and procedures
Assign, co-ordinate and review projects and programs
Advise senior management
Plan, organize, direct, control and evaluate daily operations
Security and Safety
Bondable
Criminal record check
Transportation/Travel Information
Own transportation
Work Conditions and Physical Capabilities
Fast-paced environment
Attention to detail
Ability to Supervise
1 to 2 people
Work Location Information
Urban area
Personal Suitability
Effective interpersonal skills
Accurate
Team player
Excellent oral communication
Dependability
Values and ethics
Organized"
"Accounting Specialist - Grand Bend, ON - Indeed.com","A growing real estate and hospitality business is hiring an Accounting Specialist!
An ideal candidate would:
Have their CPA or at least 2-3 years of accounting/bookkeeping experience
Experience in small business accounting, bookkeeping
Experience in using Quickbooks
Be organized
Be trustworthy
Responsibilities:
The Accounting Specialist would be responsible for overseeing the accounting and bookkeeping for the company and provide support and guidance to the Presidents of the company.
Accounts Payable
Accounts Receivable
Tracking invoices, payments and working with outside vendors
Payroll administration
Responsible for credit card reconciliation and balancing of accounts
The ideal candidate would be trustworthy, driven and organized with microsoft office proficiency and experience using quickbooks.
The position is based in Lambton Shores, with the opportunity to work remotely most of the time after a training period of 1-2 months. The candidate would need to be available to come to Lambton Shores on occasion (2 times/month) or as needed even after the training period so should be within driving distance.
Job Types: Full-time, Permanent
Salary: $38,997.00-$69,000.00 per year
Schedule:
8 hour shift
Monday to Friday
Experience:
Accounting: 2 years (preferred)"
"Senior Accounting Manager - Calgary, AB - Indeed.com","We are currently accepting resumes for a sr accounting manager for our manufacturing facility in Calgary, Alberta.
Fidelity Machine & Mould Solutions Inc. is a Canadian owned company, offering superior machining, mould making, manufacturing, and engineering solutions for many different industries such as automotive, energy, medical, aerospace and defence. We specialize in the most intricate and complex projects and we are often called upon to solve our customer’s biggest challenges.
Duties include:
Ø Prepare and produce monthly reporting
Ø Monthly reconciliation and reporting
Ø Month End Accruals
Ø Conduct analysis for enhancing and maintain business processes and systems
Ø ERP specialist
Ø Prepare documents, power points and presentations related to R&D
Ø Provide support with various funding programs, including proposals and project management
Ø Provide support to the accounting and HR teams
Qualifications include:
Ø Post secondary education in business or finance
Ø 3 years work experience in a relevant position
Ø Manufacturing environment experience required
Ø High degree of analytical and logical problem-solving ability
Ø Willingness to learn and grow with a strong work ethic
Members of our team will experience:
Ø Competitive pay
Ø Positive and collaborative work environment
Ø Opportunity for advancement
Ø Paid training programs
Ø Health benefits
Fidelity Machine & Mould Solutions Inc. would like to thank all applicants, however only those who qualify for an interview will be contacted."
"Junior Accountant - Vancouver, BC - Indeed.com","Company description
Grizzly Force is an on-demand digital staffing agency.
Job description
At Grizzly Force, we’re evolving the way Canada works. We provide an integrated, technology-
driven platform to connect employees and employers for a flexible solution to market labour gaps
. Whether it’s our same-day paycheque, 24/7 job posting, or our employer review system,
we’re giving plenty of reasons for Canadians to say yes to Grizzly Force. Since 2017 we’ve
expanded to serve multiple cities across Canada serving clients like Que Pasa Foods, Sysco, and Sleep Country.
Our team is growing, and we need you to help our Finance team in their day-to-day operations.
Duties and Responsibilities:
*
Supports processing of monthly accounts receivables transactions including invoicing, invoice adjustments, credit card payments, receipts, refunds, and collections. Codes enters and applies invoices, refunds, payments, and bank deposits into the accounting software
Creates monthly, quarterly and yearly reports for the Senior Management
Supports consolidation and reporting of financial / payroll information and coordinating input of payroll data in accordance with monthly and weekly payroll operations and generally accepted accounting practices
Enters data, files documents, and completes ad hoc reporting as assigned.
Protects and upholds confidentiality
Performs other related duties as required
*
*
Skills and Abilities:
*
*
Excellent attention to detail.
Excellent teamwork skills.
Effective oral and written communication skills, including the ability to communicate professionally with company staff and the public.
Effective organization and time management skills, including the ability to manage competing priorities.
Effective problem-solving and customer service skills.
Demonstrated ability to work independently, take initiative, make sound decisions, and be held accountable for results.
*
Part-time hours: 20 per week
Job Types: Part-time, Temporary, Permanent
Salary: $18.00-$25.00 per hour
Additional pay:
Overtime pay
Benefits:
Casual dress
Flexible schedule
Paid time off
Work from home
Schedule:
Monday to Friday
Education:
Bachelor's Degree (preferred)
Work remotely:
Yes"
"Part-time Professor – Accounting - Belleville, ON - Indeed.com","We seek outstanding individuals to join our dedicated faculty team creating brighter futures, greater
prospects, and endless possibilities. At Loyalist College our faculty members are committed to the
principles and practices of a learning-centred teaching and learning community.
TITLE:
Part-Time Professor LOCATION:
Main Campus,
Belleville, ON
SCHOOL:
Media, Business &
CLASSIFICATION:
Part-Time/Partial-
Access Load
PROGRAM/COURSE:
Accounting
POSTING DATE:
November 9, 2021
START DATE:
January, 2022
CLOSING DATE:
Until filled
COMPETITION:
NFT21-51
STARTING SALARY
$80.62/hr
RANGE:
(Academic salaries are
determined by a
calculation based on
qualifications and years of
related experience)
Summary:
Reporting to the Academic Chair, the part-time Professor will facilitate the delivery of courses within the
above programming incorporating a variety of teaching, learning and assessment strategies, which are
designed to successfully meet the needs of learners.
Professor Responsibilities:
Ensures that course curricula are current, relevant and reflective of best practices within the relevant
professional/program disciplines
Creates an effective environment for learning which accommodates students’ diverse cultural and
educational backgrounds, experiences and individual learning styles
Develops and implements course learning outcomes and alternative delivery strategies, ensuring
that they support and reflect program goals
Assures that students are aware of all relevant learning outcomes, learning strategies and
assessment techniques
Assesses student achievement of learning outcomes and supports student progress through
individual tutoring, academic counselling and timely feedback
Develops multi-media materials and alternative delivery strategies, and incorporates appropriate
educational technologies into the learning process
Liaises effectively with internal and external partners to create and maintain a collaborative and
relevant learning environment
( . . . Continued on next page)
Qualifications:
Relevant diploma or degree; CPA preferred
Recent experience in related field
Experience with Quickbooks and Sage software
A proven commitment to achieving and developing excellence in others
A commitment to lifelong learning in the field
A proven ability to work within a collaborative environment, demonstrating flexibility
Exceptional communication and organizational skills
Advanced computer literacy and a demonstrated willingness to acquire and use learning tools (such
as Loyalist’s “Blackboard” System) commensurate with departmental requirements
Demonstrated effective interpersonal and problem-solving, conflict and stress management skills
Experience developing, delivering and evaluating curriculum is an asset
Experience facilitating learning at the post-secondary/adult level demonstrating a commitment to
excellence in teaching and learning is a strong asset
Experience training others
TO APPLY
: Please send a covering letter and a resume in MS Word or PDF format to:
Chad Munday
Academic Chair
E-mail: cmunday@loyalistcollege.com
Loyalist College is committed to creating a safe and healthy campus for all staff and students. Effective
November 1, 2021 all staff and students who visit, work or study on campus must be fully vaccinated. An individual
is considered fully vaccinated fourteen (14) days after the administration of the second of two Health Canada
approved vaccinations. Exemptions for medical or religious/creed reasons under the Human Rights Code must
be obtained through Loyalist’s formal exemption process. For more information on Loyalist’s Vaccination Policy
and Exemption Forms please visit COVID-19 Information Centre : Loyalist College
Loyalist is committed to promoting a diverse and inclusive college community. We encourage and welcome
applications from marginalized and equity seeking groups. Loyalist College is committed to accommodating
applicants with disabilities throughout the hiring process. If you have accommodation needs, please inform us as
soon as possible by sending an email to peopleandculture@loyalistcollege.com.
Please note: Following an offer of employment, candidates with Canadian credentials will be required to provide
official transcripts from the granting educational institution(s); candidates with international credentials must
provide World Education Services (WES) www.wes.org/ca evaluation (at their own cost) confirming Canadian
equivalency of their credentials.
We thank all applicants, however, only those selected for an interview will be contacted."
"Accounting/Administrative Assistant - Burlington, ON - Indeed.com","Responsibilities include:
- Payroll entries (Payworks)
- Bank reconciliations
- Benefit administration
- Journal entries a/r, a/p
- Accounts payable entries
- Accounts receivable invoicing
- Government remittances
- Month end account reconciliations
- Preparation of shipping documents for international shipments
- Assist in developing and implementing Health and Safety policies, procedures and programs
Looking for someone who is highly organized and flexible with ability to multitask
Job Types: Full-time, Permanent
Salary: $45,000.00-$50,000.00 per year
Benefits:
Casual dress
Company pension
Dental care
Disability insurance
Extended health care
Life insurance
On-site parking
RRSP match
Tuition reimbursement
Vision care
Schedule:
Monday to Friday
COVID-19 considerations:
-All customers and vendors are required to wear a mask
-Extra cleaning cycle added"
"Accounting Technician I - Waterloo, ON - Indeed.com","Position Description:
This is an exciting regular, full time opportunity for an Accounting Technician 1 reporting to the Manager, Payroll and Accounting. This position will be responsible for processing, reconciliation and reporting financial information and responding to customer inquiries. The successful candidate will have excellent communication and customer service skills, superior analytical, math and problem solving skills, is able to multi-task in a fast-paced environment and enjoys interacting with internal customers.
Accountabilities:
Perform general accounting duties including accounting entries, monthly reports and the distribution of monthly financial reporting while ensuring the accuracy and integrity of data that is processed in the General Ledger
Process the day-to-day financial transactions in a timely and accurate manner in compliance with general accounting principles and City policies, resulting in the posting of invoices, payroll entries and journal vouchers to the General Ledger
Perform general accounting duties and create and process journal entries such as accrual entries and prepaids
Accounting administration including monthly and year-end processes and reconciliation and analysis of various accounts
Prepare monthly bank reconciliations and associated journal entries
Prepare and remit monthly HST return
Maintain the PeopleSoft Financial General Ledger and Commitment Accounting modules, including the chart of accounts
Back up Accounts Payable when required, entering invoices for payment ensuring accuracy
Provide support to the Payroll team when required (accounting entries, reconciliations etc)
Provide exceptional customer service to both internal and external customers
Provide technical advice and information as required
Other duties as assigned
Minimum Qualifications:
Two (2) year post-secondary diploma in Business Administration or a related field, or equivalent education and experience
Two (2) years’ related experience preferably in a municipal environment
Previous experience and proficiency with financial software, preferably PeopleSoft
Knowledge of Generally Accepted Accounting Principles to accurately verify data processed
Excellent computer skills with proficiency in Microsoft Word and Excel; Experience with People Soft is an asset
Previous experience working with account reconciliations, monthly financial reporting and journal entries
Previous experience creating ad-hoc queries and reports is considered an asset
Payroll experience is considered an asset
Superior analytical, math and problem solving skills, as well as strong attention to detail
Excellent interpersonal and communication skills that allow you to interact effectively with internal customers
Demonstrated ability to work effectively both independently and in a team setting
Self-motivated, goal-orientated individual with demonstrated ability to effectively multi-task and handle changing priorities in a deadline driven environment
Experience in, and a strong commitment to, delivering quality customer service utilizing excellent interpersonal and problem solving skills in order to provide information and resolve any customer concerns
A satisfactory Police Criminal Record and Judicial Matters Check is required as a condition of hire
Applicants will be required to undergo skills assessment testing
COVID-19 Vaccination
:
In accordance with the City of Waterloo’s Mandatory COVID-19 Vaccination Policy, new City of Waterloo employees (or employee returning after a minimum of 3 months) are required to be fully vaccinated as a condition of hire, subject to accommodations required in accordance with the Ontario Human Rights Code.
Application Process
Interested and qualified candidates are invited to submit their resume and cover letter in one document through the online application process.
Job Eligibility
All qualified City of Waterloo employees may apply, however during the selection process there is a specific sequence that will be followed. Members of the City of Waterloo Staff Association who have completed their probationary period in their most recent position will be considered first for this posting.
Be You @ Waterloo
At the City of Waterloo, we are committed to recruiting a diverse workforce that represents the community we so proudly serve. All interested and qualified candidates, including Indigenous persons, Black persons, non-Black racialized persons/persons of colour, women, persons with disabilities, 2SLGBTQ+ and those interested in joining our team are encouraged to apply.
Accommodation
The City of Waterloo is committed to creating and maintaining a workplace that is welcoming, inclusive, and barrier-free. Accommodations in accordance with the Human Rights Code and other applicable legislation are available throughout all stages of the recruitment process. For accommodation during the application process, applicants are requested to make their needs known via email at recruitment@waterloo.ca, quoting the position and competition number. Applicants advanced through to subsequent stages of the recruitment process will be provided with additional opportunities to make their needs known.
We’ve Got You Covered
The City of Waterloo strives to be an employer of choice for strong talent dedicated to serving our community, and offer the following:
Flexible work schedules to support and nurture work-life balance;
Competitive wages and a fulsome employer paid benefits package, including paid sick leave, long-term disability, OMERS pension and an Employee and Family Assistance Program;
A staff team dedicated to fostering and advancing action to support the organization’s ongoing commitment to Indigenous Initiatives, Anti-Racism, Accessibility and Equity;
Substantial internal and external training and development opportunities;
Compassionate and caring organization that promotes and embraces a culture of health, safety and wellness;
Strong commitment to providing and maintaining a psychologically safe workplace that is respectful, inclusive, and where all individuals are valued;
Paid vacation and personal days, paid float holiday(s), and the ability to bank overtime;
Employee Purchase Programs (Corporate Cell Phone plans, Computer Purchase Plan, etc.);
Dress-down Fridays, and optional Wednesdays in partnership with the United Way fundraising campaign;
City of Waterloo Staff Recreation Pass;
Anniversary milestone gifts, starting at 5 years of service for regular part-time and full-time staff; and,
So much more!"
